source,country,unit_id,unit_name,y0,y1,gap,jsd,l1,delta_hhi,hhi_baseline,perennial_strict,perennial_broad,n_crops_b,area_baseline,spam_A_ha,spam_I_ha,irr_share_spam,irr_share_reported,irr_share,mismatch_T,mismatch_P,T_base,T_end,P_base,P_end,irr_share_mirca,irr_share_spam2000,irr_share_base2000
harveststat_africa_v1.2,Angola,HV1:AO:Huila,Huila,2002,2016,14,0.3395499810157535,0.4699854943984285,-0.1479271796523853,0.4598228435935633,0.0,0.0,11,886266.7,607179.2008156553,12796.29986012727,0.0210749970403092,,0.0210749970403092,0.7121413761676919,0.1349056640564917,22.96678157515,23.67892295131769,2.3466527303106246,2.0300759854180903,0.0193960973371162,0.0060456297796354,0.2747327188635988
harveststat_africa_v1.2,Angola,HV1:AO:Luanda,Luanda,2002,2016,14,0.5805185130429131,1.1824739697284363,-0.1867290921827268,0.4321451327624749,0.0,0.0,6,32489.0,11077.099954269826,2251.9000190868974,0.2032932832946831,,0.2032932832946831,0.4599219070403221,0.4666256773148033,25.974458931419456,26.434380838459777,1.219149616465406,0.6502631009341533,0.0193960973371162,0.0035523978850152,0.0062196542441523
harveststat_africa_v1.2,Angola,HV1:AO:Lunda Norte,Lunda Norte,2002,2016,14,0.2934307161713587,0.5452558972034537,-0.3175680634332471,0.7105604650003137,0.0,0.0,8,381764.0,116339.69998002052,2748.9000232219696,0.0236282199773082,,0.0236282199773082,0.5830349168375469,0.1473728310851451,23.10577096149464,23.688805878332182,3.153758050429103,2.6889797979797985,0.0193960973371162,0.005220798780536,0.0789584238194192
harveststat_africa_v1.2,Angola,HV1:AO:Lunda Sul,Lunda Sul,2002,2016,14,0.2636599025003052,0.4322690148966988,-0.0923937724632877,0.543335593211228,0.0,0.0,9,205519.0,113439.00005587935,1677.5000232458117,0.0147876834459003,,0.0147876834459003,0.511226608187135,0.0223878183864369,23.106012911065545,23.61723951925268,3.5911325282904234,3.510734905445431,0.0193960973371162,0.0062255015965796,0.0018177228201407
harveststat_africa_v1.2,Angola,HV1:AO:Malanje,Malanje,2002,2016,14,0.2209190043927465,0.3761412711925359,-0.1185313265015547,0.4435540161438602,0.0,0.0,12,448587.0,269260.6001176685,6915.199971884489,0.025682182869913,,0.025682182869913,1.170889819245085,0.2919999172526791,23.124310644034328,24.29520046327941,2.847088820536189,2.015739120528594,0.0193960973371162,0.0040509259826165,0.0052728798560283
harveststat_africa_v1.2,Angola,HV1:AO:Moxico,Moxico,2002,2016,14,0.2509916884822865,0.402694473984147,-0.0230181575270275,0.31882430674361,0.0,0.0,10,229713.0,174898.80009704828,3364.0000076293945,0.0192339799115989,,0.0192339799115989,0.3867424242424315,0.0143123498458703,23.25047222222222,23.637214646464653,2.902150110123795,2.943686697805118,0.0193960973371162,0.0,0.0035931130077581
harveststat_africa_v1.2,Angola,HV1:AO:Namibe,Namibe,2002,2016,14,0.518550589961659,0.7405350325834963,-0.0837799692763765,0.4193243216158765,0.0,0.0,8,29619.0,62247.19968776405,5126.099981799722,0.0823506922000117,,0.0823506922000117,0.0467426710716148,0.9655419567336744,24.775582801701223,24.728840130629607,0.8263676805650491,1.6242603478392947,0.0193960973371162,0.0058012699338213,0.0003898635545049
harveststat_africa_v1.2,Angola,HV1:AO:Uige,Uige,2002,2016,14,0.2069022442289759,0.2732575459317078,-0.1382391537485383,0.5063514798106185,0.0,0.0,9,796131.0,358639.70012494177,11251.400108113883,0.0313724334037591,,0.0313724334037591,0.4221939128123309,0.0515725095087505,22.498410799726592,22.92060471253892,4.9543249031670085,4.698817934988988,0.0193960973371162,0.0061288015990607,0.0036919100292174
harveststat_africa_v1.2,Angola,HV1:AO:Zaire,Zaire,2002,2016,14,0.3230670103777143,0.482509540389155,-0.227444661764932,0.5041442655383767,0.0,0.0,6,110311.0,58535.49985155463,5057.499921709299,0.0864005592253429,,0.0864005592253429,0.8389884180147348,0.1792741221692687,24.82824988607884,25.66723830409357,4.151190817953977,3.406989728108149,0.0193960973371162,0.0059989287149169,0.0038367177992361
harveststat_africa_v1.2,Angola,HV1:AO:Benguela,Benguela,2002,2016,14,0.4264396260666446,0.4482615968489706,-0.0339899184224404,0.4825085950636233,0.0,0.0,10,318214.0,453152.6995976493,21951.80014231801,0.048442390747774,,0.048442390747774,0.2244865762892112,0.5467512825652014,24.61040411635149,24.8348906926407,1.043180603022708,1.613540935672514,0.0193960973371162,0.0060861402020054,0.0015989766464873
harveststat_africa_v1.2,Angola,HV1:AO:Bie,Bie,2002,2016,14,0.2666076938951278,0.271592659090307,0.027028406048105,0.4744865903107808,0.0,0.0,10,593910.0,544177.100264892,9317.000027418137,0.0171212644245464,,0.0171212644245464,1.0526909888357217,0.2328911935158,22.16546504518873,23.218156034024453,2.954231525784158,2.266217019822282,0.0193960973371162,0.0051251390052884,0.00584936240226
harveststat_africa_v1.2,Angola,HV1:AO:Cabinda,Cabinda,2002,2016,14,0.3183300414265145,0.4004287510520149,-0.0541258230693856,0.3448912523115945,0.0,0.0,7,84033.0,128301.59998450428,8610.399973727763,0.0671106204035467,,0.0671106204035467,0.5858941672362813,0.1870066001037383,25.32478598010176,25.910680147338045,4.735248727880307,3.849725962633858,0.0193960973371162,0.0060568809173541,0.0053062991883802
harveststat_africa_v1.2,Angola,HV1:AO:Huambo,Huambo,2002,2016,14,0.3135426866841809,0.3365071942693604,0.0908322214089599,0.5889392984501138,0.0,0.0,11,1106806.0,168397.29998830706,5238.800003834069,0.0311097624736134,,0.0311097624736134,1.3901612743981164,0.3314644642394596,19.44313769271664,20.83329896711476,3.9830397584871258,2.662803618895724,0.0193960973371162,0.0059084490559428,0.0028980458726549
harveststat_africa_v1.2,Benin,HV1:BJ:Ouémé,Ouémé,2002,2019,17,0.1601944227977348,0.319103091834037,0.1146831893576537,0.2923532732226431,0.0,0.0,12,191730.00936599425,98461.49944284558,206.4999983906746,0.0020972664397675,,0.0020972664397675,0.1538529411764737,0.1844202447363769,26.3840408496732,26.53789379084968,3.503436274509804,4.149540849673203,0.0015770118485654,0.0149648953153827,0.005373103987447
harveststat_africa_v1.2,Benin,HV1:BJ:Plateau,Plateau,2002,2019,17,0.1359176742614937,0.1799195537211031,-0.0686229291676071,0.531962633405952,0.0,0.0,11,736317.25,228643.5992423743,318.1000009179116,0.0013912482220012,,0.0013912482220012,0.0047254901960748,0.2276886400197226,26.06647385620915,26.071199346405223,3.658669934640522,4.49170751633987,0.0015770118485654,0.0012047675830883,0.0286710662036671
harveststat_africa_v1.2,Benin,HV1:BJ:Zou,Zou,2002,2019,17,0.2283923604458787,0.3009028278828139,0.0149434268738135,0.211922050031191,0.0,6.388453803286139e-05,14,387280.1591643572,208458.80001750588,1028.900001451373,0.0049357475019762,,0.0049357475019762,0.0932745098039216,0.1445028114379341,26.12411274509804,26.03083823529412,3.781820261437907,4.328303921568628,0.0015770118485654,0.0056367822378861,0.0021141828326879
harveststat_africa_v1.2,Benin,HV1:BJ:Alibori,Alibori,2002,2019,17,0.5249731671354995,0.9557172093539912,0.1212711662317783,0.1917094861058764,0.0,0.0,13,916752.0,329648.50002204627,6499.899972856045,0.0197176688879862,,0.0197176688879862,0.3015931372549001,0.0769983490707781,27.86331372549019,27.56172058823529,2.311037581699346,2.488983660130719,0.0015770118485654,0.0075025686513046,0.0061093676936106
harveststat_africa_v1.2,Benin,HV1:BJ:Atlantique,Atlantique,2002,2019,17,0.1388085063194282,0.1757428136437249,-0.0032630651923387,0.4313138752455296,0.0,0.0083389935790489,9,500930.8073383744,123084.39960047604,627.5000014305115,0.0050981278169072,,0.0050981278169072,0.1538529411764737,0.1844202447363769,26.3840408496732,26.53789379084968,3.503436274509804,4.149540849673203,0.0015770118485654,0.0072484253864395,0.0050089116205866
harveststat_africa_v1.2,Benin,HV1:BJ:Borgou,Borgou,2002,2019,17,0.3517060620206001,0.5124478093080574,0.047679770929176,0.2040107651771376,0.0,0.0,14,858388.0,285182.09968203306,1081.400019645691,0.0037919631731844,,0.0037919631731844,0.7949918300653681,0.2518481199324598,26.3526683006536,25.55767647058824,3.1556977124183003,3.9504542483660137,0.0015770118485654,0.0009843731832832,0.0101987677727241
harveststat_africa_v1.2,Benin,HV1:BJ:Collines,Collines,2002,2019,17,0.2405729402518498,0.3685511556992633,0.0245145872923431,0.1486263190054245,0.0,0.0,14,696624.5,883794.2003177926,5427.699995443225,0.0061413618617224,,0.0061413618617224,0.3180751633987029,0.2963322231706915,25.98724346405229,25.66916830065359,4.084859477124184,5.295334967320262,0.0015770118485654,0.020209368763698,0.0010636707695435
harveststat_africa_v1.2,Benin,HV1:BJ:Donga,Donga,2002,2019,17,0.3016157207711673,0.501908849790849,0.0125760267123937,0.1401731056096677,0.0,0.0,15,241575.35283546324,112540.8001295328,2527.99995084852,0.0224629640800387,,0.0224629640800387,0.3942222222222206,0.187469009284741,26.235522875817,25.84130065359477,3.209637254901962,3.811344771241829,0.0015770118485654,0.0011749913995275,0.0173303464679095
harveststat_africa_v1.2,Benin,HV1:BJ:Mono,Mono,2002,2019,17,0.1239620887054936,0.1806076485818605,0.0470461268438231,0.5093888418851609,0.0,0.0069806389806811,10,148765.25850627414,53059.3997137025,652.6000093519688,0.012299423153546,,0.012299423153546,0.2511437908496766,0.0998598237221468,26.47853267973856,26.729676470588235,3.237053921568628,3.560305555555555,0.0015770118485654,0.0026363282762655,0.001045771949742
harveststat_africa_v1.2,Burkina Faso,HV1:BF:Nord,Nord,2002,2019,17,0.2533560537701246,0.3242536162527975,-0.0686261821824033,0.3663769023455714,0.0,0.0,11,1196746.6,0.0,0.0,,,,0.5318013392857246,,,,,,,0.0027506820824059,0.0021992788748882
harveststat_africa_v1.2,Burkina Faso,HV1:BF:Plateau-Central,Plateau-Central,2002,2019,17,0.3484196875954743,0.6205519844093499,-0.0273977976337458,0.2986236581455488,0.0,0.0,10,678550.0,0.0,0.0,,,,0.8204908234126975,,,,,,,0.0002976510202203,0.0032571750956609
harveststat_africa_v1.2,Burkina Faso,HV1:BF:Sahel,Sahel,2002,2019,17,0.1656525864935405,0.1380786129226291,-0.0272408977982416,0.5878241876551601,0.0,0.0,11,991363.6,0.0,0.0,,,,0.4536468253968344,,,,,,,0.0,0.0004405039769114
harveststat_africa_v1.2,Burkina Faso,HV1:BF:Sud-Ouest,Sud-Ouest,2002,2019,17,0.3296198434391099,0.620590582746517,-0.0208997621405832,0.2346318223691286,0.0,0.0,11,651639.7,0.0,0.0,,,,0.828070436507943,,,,,,,0.0007549800439684,0.0
harveststat_africa_v1.2,Burkina Faso,HV1:BF:Boucle du Mouhoun,Boucle du Mouhoun,2002,2019,17,0.1680026843305942,0.3075642161191363,-0.0515352095327266,0.236819103810455,0.0,0.0,11,2305190.8,0.0,0.0,,,,0.7027346230158855,,,,,,,0.0049878989523717,0.0011078706712675
harveststat_africa_v1.2,Burkina Faso,HV1:BF:Cascades,Cascades,2002,2019,17,0.361332120832579,0.560925288464273,-0.0257939131777625,0.2297688956262904,0.0,0.0,12,431439.3,0.0,0.0,,,,0.8320731646825443,,,,,,,0.0425290851576654,0.0049312431675829
harveststat_africa_v1.2,Burkina Faso,HV1:BF:Centre-Est,Centre-Est,2002,2019,17,0.3906885366492185,0.7238817443086271,-0.0600853159747748,0.2145451944644597,0.0,0.0,10,983365.7902439,0.0,0.0,,,,0.437408234126984,,,,,,,0.0071787365352874,0.0337845161136464
harveststat_africa_v1.2,Burkina Faso,HV1:BF:Centre-Nord,Centre-Nord,2002,2019,17,0.2530904771487974,0.3051720387654266,-0.0587521356083596,0.3857194623130296,0.0,0.0,10,1105126.45310734,0.0,0.0,,,,0.4774241071428626,,,,,,,0.0033409364959876,0.0049579508294866
harveststat_africa_v1.2,Burkina Faso,HV1:BF:Centre-Ouest,Centre-Ouest,2002,2019,17,0.3588995022339584,0.6272346529686691,-0.1672507813987141,0.3646684984010347,0.0,0.0,11,1251834.19,0.0,0.0,,,,0.9853144841269916,,,,,,,0.0008565150744913,0.0028549085143652
harveststat_africa_v1.2,Burkina Faso,HV1:BF:Centre-Sud,Centre-Sud,2002,2019,17,0.4310300721873044,0.7238043361709601,-0.1207726155216556,0.2759185720092926,0.0,0.0,11,518821.7,0.0,0.0,,,,0.7713018353174519,,,,,,,0.0066315155537417,0.000786496103331
harveststat_africa_v1.2,Burkina Faso,HV1:BF:Centre,Centre,2002,2019,17,0.674089993194663,1.3127530060575074,-0.1391683087973768,0.3350781841289986,0.0,0.0,10,398383.7,0.0,0.0,,,,0.8204908234126975,,,,,,,0.0018934704743926,0.0098893835668202
harveststat_africa_v1.2,Burkina Faso,HV1:BF:Est,Est,2002,2019,17,0.3647123672233365,0.536549074695471,-0.0860407945944702,0.2881693051675423,0.0,0.0,12,1303460.84831461,0.0,0.0,,,,0.2281101190476135,,,,,,,0.0015971533111131,0.0024909554200606
fao_subnational_2024,Burkina Faso,GADM:BFA.9_1,Hauts Bassins,2002,2018,16,0.1873668415703558,0.2917676947226325,-0.030299923392856,0.2436856648067695,0.0,0.0,11,1611718.0,12973.400086440146,0.0,0.0,,0.0,0.6339799107142738,,,,,,,0.0,0.0014476750516481
ibge_pam,Brazil,BR:Mato Grosso do Sul,Mato Grosso do Sul,2002,2016,14,0.2420436866590516,0.4131274525946382,-0.0202335908359261,0.3987359662298627,0.0019245794960984,0.0587085255331316,17,2033691.0,3265620.400317796,70633.99991188198,0.0216295806778424,,0.0216295806778424,0.2856376811594294,0.0745167787953443,24.92120289855072,25.20684057971015,3.9356956521739135,3.642420289855072,0.0034336979031037,0.0364891650918831,0.0
ibge_pam,Brazil,BR:Mato Grosso,Mato Grosso,2002,2016,14,0.2158076448167574,0.2949652146404484,0.0012788269575205,0.4750907975983314,0.0111740944016024,0.0437011240654828,19,5709098.0,9459731.89815014,11536.29998150468,0.0012195165894459,,0.0012195165894459,1.4774202898550792,0.3452817024245599,24.8957536231884,26.37317391304348,4.98521739130435,3.2639130434782606,0.0034336979031037,0.0031710616085837,0.0360551523526477
ibge_pam,Brazil,BR:Minas Gerais,Minas Gerais,2002,2016,14,0.2440879188513122,0.4793415173822897,-0.0124186751294275,0.2015039966248953,0.2761436326042428,0.3566276699287696,20,4130260.0,4874324.698344648,194369.1999678388,0.0398761288992191,,0.0398761288992191,0.8272173913043409,0.1312985976288793,23.857072463768123,24.68428985507246,2.9411884057971007,2.5550144927536222,0.0766525328311465,0.0875134873122018,0.003474637843186
ibge_pam,Brazil,BR:Pernambuco,Pernambuco,2002,2016,14,0.1310962068179174,0.2501527301082936,0.0260316485418026,0.2613140067948997,0.0331208503341275,0.4505131475202178,15,928388.0,7512671.606775917,118010.9003630653,0.0157082468847204,,0.0157082468847204,0.3720144927536229,0.064640439648817,26.39557971014493,26.76759420289855,1.2974782608695652,1.213608695652174,0.1050708136503093,0.0814917272751844,0.0853904947913937
ibge_pam,Brazil,BR:Rio de Janeiro,Rio de Janeiro,2002,2016,14,0.2018171265612627,0.4345790311080355,-0.1580021291600044,0.4437766895135263,0.0908549722190724,0.8550572627282005,11,246932.0,634244.2999296933,17734.699969880283,0.0279619382812682,,0.0279619382812682,0.4523478260869539,0.1999035131678341,21.56915942028986,22.021507246376817,3.875275362318839,3.100594202898552,0.1563527970451037,0.1006896430339298,0.0694700304164454
ibge_pam,Brazil,BR:Acre,Acre,2002,2016,14,0.2985171174223306,0.5133170062819138,0.0636348002435124,0.2129915107260876,0.0573009171640704,0.1279468141893531,14,103035.0,118213.19994743168,1206.5999932438135,0.0102069819087917,,0.0102069819087917,1.2935072463768125,0.3424400233552575,24.819086956521737,26.11259420289855,6.751420289855071,4.4394637681159415,0.0011713506075347,0.0006930543283853,0.0947711104840847
ibge_pam,Brazil,BR:Rio Grande do Norte,Rio Grande do Norte,2002,2016,14,0.4959483514037415,1.0751675918179604,0.1403696861963684,0.1922691048629019,0.1163909740384724,0.2820952639742762,11,353292.0,476803.4001599625,73693.09997468442,0.1545565739463291,,0.1545565739463291,0.5327681159420318,0.2999501173468974,27.486565217391306,28.01933333333333,1.772275362318841,1.2406811594202891,0.0373256882174327,0.0501814538209085,0.0007125179814667
ibge_pam,Brazil,BR:Rio Grande do Sul,Rio Grande do Sul,2002,2016,14,0.1877933656239543,0.3672280444020589,0.1423465880075116,0.2735181376402685,0.0108529451961186,0.016890528905289,17,7317000.0,8036505.596152313,865435.0992976278,0.1076879856478887,,0.1076879856478887,0.0301884057970903,0.2121480365852439,19.33702898550724,19.30684057971015,5.812115942028984,4.579086956521739,0.1411936623393681,0.1863964096121893,0.0490429238252945
ibge_pam,Brazil,BR:Roraima,Roraima,2002,2016,14,0.5644079205587316,1.0205864573084769,-0.0803783019252278,0.3048826964758017,0.0073786893446723,0.0931965982991495,12,39980.0,692716.9998458624,1913.0999958664177,0.0027617338628792,,0.0027617338628792,1.515159420289869,0.3546473927166029,26.91697101449275,28.43213043478261,4.894594202898553,3.1587391304347814,0.1731670722536296,0.2054518363999709,0.191447330339802
ibge_pam,Brazil,BR:Santa Catarina,Santa Catarina,2002,2016,14,0.305056243064711,0.6175781166301962,-0.0196413561998987,0.2811053193734384,0.017294206209802,0.0452618473326617,15,1665818.0,1706017.800317265,92240.5999212861,0.0540677828239144,,0.0540677828239144,0.1125797101449254,0.0194068980674732,16.443347826086963,16.555927536231888,4.61586956521739,4.526289855072465,0.0667136649157306,0.0961439924657786,0.1952164671580102
ibge_pam,Brazil,BR:Sergipe,Sergipe,2002,2016,14,0.3135862200132193,0.5425331576041328,0.0372717498659888,0.2258938228612817,0.3490054720427347,0.430993114377225,10,268821.0,779336.6004484072,14424.10001372546,0.0185081773465101,,0.0185081773465101,0.2861014492753621,0.0044679522980379,25.36539130434782,25.651492753623184,2.205724637681161,2.215579710144928,0.0455630817669517,0.0463129199626701,0.0881544198553615
ibge_pam,Brazil,BR:Tocantins,Tocantins,2002,2016,14,0.3947047076955162,0.8494408520327569,0.2061061483740324,0.2959906306314743,0.0043725949279057,0.0317092818396773,12,345104.0,1055026.599937044,53417.300076290965,0.0506312353446619,,0.0506312353446619,1.3195797101449265,0.2863893778782205,25.920420289855084,27.24000000000001,4.931463768115941,3.519144927536232,0.137362351573906,0.1300188134021435,0.0280618311491505
ibge_pam,Brazil,BR:Alagoas,Alagoas,2002,2016,14,0.2491256082456586,0.3667537170179646,0.1274470951301486,0.4669389364426926,0.0272397103595072,0.698699403369652,13,660543.0,602827.3991300389,63919.09980106354,0.1060321742065928,,0.1060321742065928,0.6840724637681245,0.2229163047632284,25.25839130434782,25.942463768115942,2.08572463768116,1.6207826086956518,0.1191928966326382,0.097243697009757,0.120670687994952
ibge_pam,Brazil,BR:Amazonas,Amazonas,2002,2016,14,0.2977848251370728,0.5152704269321734,0.2114059220858839,0.3203180884630039,0.0347534606775756,0.2626800964860812,14,184068.0,176390.19971334934,171.09999867528677,0.0009700085319555,,0.0009700085319555,0.6695797101449344,0.1945284168058964,25.56621739130436,26.235797101449293,7.780913043478262,6.267304347826086,0.0010219315220678,0.0032543912041619,0.0992716243569219
ibge_pam,Brazil,BR:Bahia,Bahia,2002,2016,14,0.2421948621877598,0.4372224043639782,0.0464870872852228,0.1367450738014839,0.2700248703024742,0.3051553713502928,17,3858015.0,4578615.6983824745,143392.6997937262,0.0313179155534682,,0.0313179155534682,0.2605072463768193,0.058525415967028,21.94798550724638,22.2084927536232,1.8988405797101449,1.787710144927536,0.0532559589973391,0.041458496499652,0.0029168329705657
ibge_pam,Brazil,BR:Distrito Federal,Distrito Federal,2002,2016,14,0.1810339527125999,0.2526863662191236,0.0700428905846685,0.3056115371285928,0.0247398634495408,0.0308427405201598,17,88319.0,610868.2003825903,43690.8000638783,0.0715224659533996,,0.0715224659533996,0.880666666666662,0.1182914348527409,21.91717391304348,22.79784057971014,3.441144927536232,3.03408695652174,0.125427608133406,0.020564784439011,0.0447569638707119
statcan_32100359,Canada,CA:Prince Edward Island,Prince Edward Island,2002,2019,17,0.3885856156317981,0.7318666693731232,-0.2586626576217018,0.4983359817598094,0.0,0.0,10,164059.5592668,506060.9006623328,2262.900005146861,0.0044715962094387,,0.0044715962094387,0.3127513227513229,0.0381907016394367,9.279650793650791,9.592402116402116,3.004,3.118724867724868,0.0201664597077236,0.0,0.0216989876639184
statcan_32100359,Canada,CA:Quebec,Quebec,2002,2019,17,0.2566902582856196,0.5044077519993109,-0.0241333025930148,0.3298872940734486,0.0,0.0,10,2797227.6260682,2030594.500435017,31648.39995019883,0.0155857803925986,,0.0155857803925986,0.9898121693121692,0.1963285934229783,1.5172248677248676,0.5274126984126984,2.5052751322751323,2.997132275132276,0.0201664597077236,0.0211993735299466,0.0
statcan_32100359,Canada,CA:Saskatchewan,Saskatchewan,2002,2019,17,0.1910509871198889,0.3702815868250363,-0.0662553541321584,0.3877644904269997,0.0,0.0,10,48215461.444806,13498075.502280973,276343.3001945466,0.020472792595348,,0.020472792595348,1.8226931216931208,0.4798213005426923,6.631780423280423,4.809087301587303,1.516542328042328,2.24421164021164,0.0201664597077236,0.0299679831459639,0.0223417596407327
statcan_32100359,Canada,CA:Alberta,Alberta,2002,2019,17,0.1366128102330375,0.2468595324358176,-0.0305203708598996,0.3848390620019155,0.0,0.0,10,22317603.785016,7437234.803259164,252308.6000466496,0.0339250550400912,,0.0339250550400912,0.80156349206349,0.0764529698064175,7.126444444444445,6.324880952380955,1.4414920634920638,1.5516984126984132,0.0201664597077236,0.044348476959007,0.030263253879182
statcan_32100359,Canada,CA:British Columbia,British Columbia,2002,2019,17,0.1923731365735911,0.347580459770115,-0.0039280100593062,0.2362780933926396,0.0,0.0,10,422491.810248,414730.09983929247,107503.10004692525,0.2592121962900272,,0.2592121962900272,0.4918386243386223,0.0100560738178403,3.604492063492064,4.096330687830686,2.189574074074073,2.167555555555555,0.0201664597077236,0.0293491588178122,0.0443866729885006
statcan_32100359,Canada,CA:Manitoba,Manitoba,2002,2019,17,0.2771930844695641,0.435882085067709,-0.0350316742938091,0.3490383207719316,0.0,0.0,10,14982676.523766,3637734.5001078993,84582.20007683337,0.0232513395560683,,0.0232513395560683,1.4089470899470873,0.3495924659649299,5.036978835978834,3.628031746031747,1.6705846560846562,2.2546084656084653,0.0201664597077236,0.0274862271373593,0.026559033237725
statcan_32100359,Canada,CA:New Brunswick,New Brunswick,2002,2019,17,0.4212463416943041,0.7529890565530735,-0.1697111295096048,0.3686104820730596,0.0,0.0,10,96557.9941812,1200993.8991102057,46250.89961535484,0.0385105200364642,,0.0385105200364642,0.1604629629629642,0.1551102447962682,8.75866402116402,8.919126984126985,2.829801587301588,2.3908703703703704,0.0201664597077236,0.0090069951569907,0.0271901077946726
statcan_32100359,Canada,CA:Nova Scotia,Nova Scotia,2002,2019,17,0.4676662057587308,0.8576740584315611,0.134925978750064,0.2748087431306154,0.0,0.0,10,48036.1857054,24663.299910590053,949.4999915659428,0.0384984975655363,,0.0384984975655363,0.3674947089947143,0.0344284660474485,9.979947089947084,10.3474417989418,2.6682116402116405,2.7600740740740743,0.0201664597077236,0.0,0.0080691507686711
statcan_32100359,Canada,CA:Ontario,Ontario,2002,2019,17,0.1082180130688972,0.1478443010311412,0.0326119259077286,0.3083461864613731,0.0,0.0,10,6902318.309952,2160596.7982126847,45009.7999619022,0.0208321145338805,,0.0208321145338805,0.8658862433862434,0.0853504810398063,6.228912698412698,5.363026455026454,2.8814894179894184,2.6355529100529096,0.0201664597077236,0.0298578279817098,0.0
fao_subnational_2024,Ethiopia,GADM:ETH.10_1,SNNPR,2007,2018,11,0.8392322578026384,1.789217691732767,0.7650982624223062,0.1466136504317259,0.1401011691161197,0.1568787786935274,22,3434125.0900000003,537.90000731498,0.0,0.0,,0.0,0.6522955404383906,0.1000067215084961,20.862020786092224,21.51431632653061,3.992103174603175,3.592866024187452,0.0499385541837795,,0.0297070748001727
harveststat_africa_v1.2,Ethiopia,HV1:ET:Afar,Afar,2001,2019,18,0.2390574691764018,0.3284296380192613,-0.0858411561209376,0.6123609044664917,0.0,0.0,6,13289.65,0.0,0.0,,,,0.1347250566893438,0.5597608940440864,29.053571995464853,29.188297052154194,0.7694321617535904,1.2001301965230542,0.0499385541837795,0.1292070370836869,0.0075234352865412
harveststat_africa_v1.2,Ethiopia,HV1:ET:Amhara,Amhara,2001,2019,18,0.1428973887604154,0.1902949205548998,0.0007698594733912,0.148643608833429,0.0,0.0,16,6234696.542096295,0.0,0.0,,,,0.1673512849584318,0.4506683484290139,18.221681783824643,18.05433049886621,2.149240929705216,3.117835789871503,0.0499385541837795,0.022563081016596,0.1298612816692347
fao_subnational_2024,Ethiopia,GADM:ETH.4_1,Benishangul Gumuz,2007,2018,11,0.2407229702535543,0.4446978730189909,-0.0108890862781353,0.1673991646842919,0.008885568271712,0.010881720500283,20,398386.45,898.5000319182873,0.0,0.0,,0.0,0.630728835978841,1.0631611280382347,21.029272297808014,20.39854346182917,4.0916390778533644,8.441710695389268,0.0499385541837795,0.0650887586772995,0.0232110888480693
harveststat_africa_v1.2,Ethiopia,HV1:ET:Gambela,Gambela,2001,2019,18,0.2509216093038017,0.2378206002040977,0.1239846379697537,0.3994976464402953,0.0,0.0,12,6970.883598649302,0.0,0.0,,,,0.6970941043084027,0.4043298895289646,27.519546863189724,26.82245275888132,3.0046729024943297,4.219551965230536,0.0499385541837795,0.0013263733945677,0.0069573740267586
harveststat_africa_v1.2,Ethiopia,HV1:ET:Harari,Harari,2001,2019,18,0.3714920450558339,0.6562476688946832,-0.1350930084068215,0.3860508513704929,0.1128439526560678,0.1135452038524592,10,15828.850000000002,0.0,0.0,,,,0.9373854875283476,1.779303299176341,21.454064625850343,20.516679138322,1.039506802721089,2.889104686318972,0.0499385541837795,0.0,0.0037449748958126
harveststat_africa_v1.2,Ethiopia,HV1:ET:Oromia,Oromia,2001,2019,18,0.1916362967767639,0.1620760436211751,-0.0006614270046585,0.1563805916121039,0.0,0.0,17,7395035.146223734,0.0,0.0,,,,0.6705379818594137,0.917908677329024,18.698041005291003,18.027503023431592,2.1848512849584285,4.190345238095238,0.0499385541837795,0.0123048551452381,0.0
harveststat_africa_v1.2,Ethiopia,HV1:ET:Somali,Somali,2001,2019,18,0.3429379087467366,0.4782143541860767,0.1813308643299452,0.2894912900587975,0.0647376077476585,0.0655556761229154,9,117960.8,0.0,0.0,,,,0.1113747165532924,0.8171527281623123,26.44268764172335,26.55406235827664,0.719133975812547,1.3067762660619802,0.0499385541837795,0.1076995110717458,0.011369825702979
harveststat_africa_v1.2,Ghana,HV1:GH:Oti,Oti,2002,2019,17,0.2265620724553625,0.3349611090575021,-0.0716110136336205,0.2588714374733788,0.0,0.0382287814092123,10,272700.2958427494,159464.3001661077,284.8999876976013,0.0017866067038254,,0.0017866067038254,0.2630351851851704,0.3192190471401104,26.990442592592583,26.727407407407416,4.198005555555556,5.53808888888889,0.0033226265901779,0.0006565617885091,0.1019991896149061
harveststat_africa_v1.2,Ghana,HV1:GH:Savannah,Savannah,2002,2019,17,0.233839750779756,0.4489323961831785,0.0026237194013251,0.1494186307363796,0.0,0.0,9,424486.6657396032,89720.40008486062,3501.6000232696533,0.0390279136066905,,0.0390279136066905,0.4751685185185162,0.2074119451845086,27.896788888888896,27.421620370370377,2.883883333333334,3.4820351851851847,0.0033226265901779,0.0027017476192179,0.0
harveststat_africa_v1.2,Ghana,HV1:GH:Upper East,Upper East,2002,2019,17,0.3968421567161364,0.7688172532829569,-0.0993684629108653,0.2713685301617614,0.0,0.0,7,1075478.0,466565.5999166072,12109.99995791912,0.0259556211604191,,0.0259556211604191,0.5805240740740752,0.266163652756018,27.666512962962965,27.08598888888889,2.9290111111111106,3.708607407407407,0.0033226265901779,0.0013746358916703,0.0023050237309461
harveststat_africa_v1.2,Ghana,HV1:GH:Upper West,Upper West,2002,2019,17,0.2418885013876567,0.4764099951687998,-0.023166305470918,0.201188757399185,0.0,0.0,8,1153408.0,566281.3995725662,3562.39992389828,0.006290865153945,,0.006290865153945,1.1050574074074082,0.4444982913948427,27.67292037037037,26.567862962962963,2.8315277777777776,4.090137037037036,0.0033226265901779,0.0004883477627892,0.0014474802269297
harveststat_africa_v1.2,Ghana,HV1:GH:Volta,Volta,2002,2019,17,0.2115078618944174,0.3545561499720106,-0.0548716249542961,0.3002348542051364,0.0,0.0393693793321201,9,264799.7041572506,126379.9001275599,6267.399901665747,0.0495917459607091,,0.0495917459607091,0.3502925925925941,0.0844930289557843,26.426553703703696,26.77684629629629,3.3093240740740737,3.5889388888888885,0.0033226265901779,0.0163496599131291,0.0004865593042711
harveststat_africa_v1.2,Ghana,HV1:GH:Western,Western,2002,2019,17,0.1104710478831745,0.2058074168710832,0.017215327524494,0.2439375652867458,0.0,0.2122799443215877,6,401140.1089826849,664848.6999869123,3780.199957847595,0.0056858048423979,,0.0056858048423979,0.0173296296296333,0.3052143902443565,25.765503703703708,25.748174074074075,3.9835629629629614,5.199403703703705,0.0033226265901779,0.0,0.0084224765353104
harveststat_africa_v1.2,Ghana,HV1:GH:Western North,Western North,2002,2019,17,0.0943520453802284,0.2172787792860405,-0.000303883014838,0.2005478144093277,0.0,0.2305266944154214,6,369388.89101731504,592378.6010733396,0.0,0.0,,0.0,0.1564166666666589,0.3469694060294457,25.768638888888884,25.612222222222226,3.7804592592592594,5.092162962962963,0.0033226265901779,0.0,0.0
harveststat_africa_v1.2,Ghana,HV1:GH:Ahafo,Ahafo,2002,2019,17,0.1739382426854588,0.3657331476132242,-0.08717826300493,0.3462746438902351,0.0,0.1719731271620533,6,288607.1067364898,237127.2001270353,0.0,0.0,,0.0,0.3455074074074029,0.3461887618990307,26.15637407407408,25.81086666666668,3.26182037037037,4.391025925925926,0.0033226265901779,0.0,0.0
harveststat_africa_v1.2,Ghana,HV1:GH:Ashanti,Ashanti,2002,2019,17,0.1785787616997543,0.2656684439708494,-0.0260228824593475,0.2397427846685958,0.0,0.1449249292114799,8,1373104.0,829763.0995439067,3892.30001103878,0.0046908569604725,,0.0046908569604725,0.2874481481481401,0.3243819242772556,26.22743518518518,25.93998703703704,3.2801925925925923,4.344227777777777,0.0033226265901779,0.0143534474992693,0.0
harveststat_africa_v1.2,Ghana,HV1:GH:Bono,Bono,2002,2019,17,0.0999918769584928,0.0891398970175464,-0.0053142121274182,0.2897991250290018,0.0,0.0891770977417681,9,556562.9284145231,503066.20066297054,0.0,0.0,,0.0,0.515053703703696,0.3503706972126588,26.270785185185176,25.75573148148148,3.1896851851851857,4.307257407407408,0.0033226265901779,0.0009183261687707,0.015905139097874
harveststat_africa_v1.2,Ghana,HV1:GH:Bono East,Bono East,2002,2019,17,0.2355103465417956,0.2594726761225993,-0.0094710586492859,0.2653011152466058,0.0,0.0734810018959215,9,675448.964848987,362614.0994427055,0.0,0.0,,0.0,0.65428703703703,0.2719762431859838,27.39159074074074,26.73730370370371,3.1117777777777778,3.958107407407407,0.0033226265901779,0.0002491660697153,0.0018714264909876
harveststat_africa_v1.2,Ghana,HV1:GH:Central,Central,2002,2019,17,0.1319234824437018,0.2360617706634632,0.0245534418005725,0.3644930603508002,0.0,0.0502286258353071,6,680588.0,476234.601528421,1649.5999849438667,0.0034638389979427,,0.0034638389979427,0.0791870370370399,0.2698045999077323,25.78221851851852,25.86140555555556,3.684937037037037,4.679149999999999,0.0033226265901779,0.0001600082810038,0.0003796034244594
harveststat_africa_v1.2,Ghana,HV1:GH:Eastern,Eastern,2002,2019,17,0.141881629614027,0.1713391153400176,0.0228651893117571,0.2464863340671939,0.0,0.1560108180542174,8,1635784.0,803227.4005816728,1987.5000038146973,0.0024743926842826,,0.0024743926842826,0.0735703703703582,0.2069640400001102,25.9705851851852,26.04415555555555,3.3712870370370367,4.069022222222223,0.0033226265901779,0.0040703120417133,0.0001429639070284
harveststat_africa_v1.2,Ghana,HV1:GH:Greater Accra,Greater Accra,2002,2019,17,0.2778001015325685,0.6132315142283382,0.0322493189719528,0.4061093794994965,0.0,0.0,3,50543.0,25431.39992102981,782.0000003874302,0.0307493886618792,,0.0307493886618792,0.2454425925926026,0.2157744418328206,26.155725925925925,26.401168518518528,3.098683333333334,3.767299999999999,0.0033226265901779,0.0178582500582135,0.0006650410155524
harveststat_africa_v1.2,Ghana,HV1:GH:North East,North East,2002,2019,17,0.2424875263784439,0.3476616406257417,-0.0206081510766545,0.148021463865611,0.0,0.0,9,348706.24418624403,300639.59958235174,8892.399995803833,0.0295782724835888,,0.0295782724835888,0.7563648148148142,0.3007929710164945,27.515661111111108,26.75929629629629,3.351203703703704,4.359222222222221,0.0033226265901779,0.0063811301609375,0.0331457866027019
harveststat_africa_v1.2,Ghana,HV1:GH:Northern,Northern,2002,2019,17,0.2742185755717591,0.5093454485654667,-0.005124790862885,0.1443334795290752,0.0,0.0,9,1165274.0900741527,441384.0001459941,5942.700058460236,0.0134637867627612,,0.0134637867627612,0.2186185185185195,0.0456412733513109,27.325274074074063,27.106655555555548,3.3430592592592587,3.495640740740742,0.0033226265901779,0.0021563196566273,0.0026328547373478
fao_subnational_2024,Indonesia,GADM:IDN.10_1,Jawa Tengah,2002,2019,17,0.3722321887661566,0.4826929836626101,0.0498759437076461,0.4051240516614012,0.0,0.0,15,8122026.0,3530670.785607092,1579297.482271947,0.4473080550897044,,0.4473080550897044,0.2747746598639448,0.2276144116634892,22.91605867346939,23.19083333333333,4.151179138321995,5.096047335600907,,0.3710473037192062,0.0039223259260662
fao_subnational_2024,Indonesia,GADM:IDN.11_1,Jawa Timur,2002,2019,17,0.4259657658638362,0.6330717954019283,0.0155493316816937,0.3351596382437474,0.0,0.0,15,10723277.0,4777183.995905519,1778861.7946257517,0.3723661881456519,,0.3723661881456519,0.2723426870748377,0.2032284778311153,27.06873724489796,27.34107993197279,2.904196428571429,3.4944118480725623,,0.3292899584003447,0.3766035210339097
fao_subnational_2024,Indonesia,GADM:IDN.12_1,Kalimantan Barat,2002,2019,17,0.7558009391574785,1.5293546251361467,-0.3821831582687348,0.7940566677183396,0.0,0.0,14,1195301.0,1538300.0988500938,102931.50000623614,0.0669124965168885,,0.0669124965168885,0.2357029478458149,0.4664238129660885,25.65825113378684,25.893954081632653,6.434498299319727,9.435701530612246,,0.4033166113587524,0.3242924763213421
fao_subnational_2024,Indonesia,GADM:IDN.13_1,Kalimantan Selatan,2002,2019,17,0.6186059790593278,1.1520901882429453,-0.4690434800892943,0.8101731577301885,0.0,0.0,14,1433220.0,893689.6006029546,107992.59951209275,0.1208390468449362,,0.1208390468449362,0.2387499999999899,0.4623201727486379,24.63363236961452,24.87238236961451,4.605409580498866,6.734583333333333,,0.3525858978678675,0.3624792348404562
fao_subnational_2024,Indonesia,GADM:IDN.14_1,Kalimantan Tengah,2002,2019,17,0.8508472591156062,1.7526367379202954,-0.236169970806554,0.7958495474231482,0.0,0.0,13,565876.0,1008355.4005917684,51506.399415783584,0.0510796088220049,,0.0510796088220049,0.3951714852607811,0.1959883273707234,26.39820719954648,26.793378684807266,5.446196145124715,6.51358701814059,,0.3452200577254722,0.3356346927640428
fao_subnational_2024,Indonesia,GADM:IDN.17_1,Lampung,2002,2019,17,0.5500423563344724,0.8547171672734111,-0.1120031808286406,0.3304879377925325,0.0,0.0,14,3475313.0,2384042.0988977253,383878.19946835935,0.161019891236756,,0.161019891236756,0.1013194444444544,0.2720872224181001,26.713613945578235,26.612294501133785,3.3403018707482985,4.249155328798187,,0.2575679264548653,0.3740551925089477
fao_subnational_2024,Indonesia,GADM:IDN.18_1,Maluku Utara,2003,2019,16,0.8514756616510066,1.674153511899948,0.0833392153663479,0.302320673412813,0.0,0.0,14,71105.0,262582.39965486526,60.79999876022339,0.0002315463596956,,0.0002315463596956,0.0565802154195093,0.7130258284060282,27.72257227891156,27.77915249433107,2.8515972222222232,4.884859693877552,,0.2555010213217976,0.2566413693885586
fao_subnational_2024,Indonesia,GADM:IDN.19_1,Maluku,2002,2019,17,0.8746572942613542,1.7492481032919434,-0.0282788248773276,0.3000422071620253,0.0,0.0,14,108856.0,254836.8003315255,11215.300211057069,0.044009735628711,,0.044009735628711,0.2031873582766487,0.1605738542040754,27.217222222222222,27.42040958049887,3.638523242630385,3.054271541950114,,0.0640676277218493,0.2500139120463028
fao_subnational_2024,Indonesia,GADM:IDN.1_1,Aceh,2002,2019,17,0.6988259283691018,1.3625924086431207,-0.4446176580478789,0.692174981986432,0.0,0.0,14,1183222.0,1240254.6988019198,96152.9999525994,0.0775268177137186,,0.0775268177137186,0.337091836734686,0.0124645951456652,21.00270408163265,21.33979591836734,9.645573979591834,9.765802154195011,,0.3057819980437403,0.0689623065748186
fao_subnational_2024,Indonesia,GADM:IDN.20_1,Nusa Tenggara Barat,2002,2019,17,0.4348815645812605,0.6634753269748291,-0.0915444940727119,0.4500630000552802,0.0,0.0,14,1484492.0,867612.5995409414,126461.60042565316,0.1457581419317385,,0.1457581419317385,0.2265844671201802,0.0354088394891201,26.412746598639465,26.639331065759645,2.3229223356009068,2.405174319727891,,0.2479970238711879,0.3072088188132954
fao_subnational_2024,Indonesia,GADM:IDN.21_1,Nusa Tenggara Timur,2002,2019,17,0.5765168625137466,0.9624087743896304,-0.075509181194386,0.3268748694900102,0.0,0.0,13,1679807.0,1071146.9993508086,55459.60031476617,0.0517759003651026,,0.0517759003651026,0.024049036281184,0.3092672106987859,27.355875850340137,27.37992488662132,2.090643424036281,1.4440759637188212,,0.1390705044915816,0.2435996712244887
fao_subnational_2024,Indonesia,GADM:IDN.22_1,Papua Barat,2005,2019,14,0.9204979904226126,1.884297628511544,0.1515281105357406,0.2371086969658621,0.0,0.0,14,38420.0,69969.10004366189,2846.600011639297,0.0406836733624267,,0.0406836733624267,0.3490887188208619,0.2596033550573231,25.302711167800457,25.65179988662132,6.322232142857142,7.963504818594105,,0.3408919581881294,0.1439372852243042
fao_subnational_2024,Indonesia,GADM:IDN.23_1,Papua,2002,2019,17,0.8735537506077199,1.7471293154708258,0.0285347334907238,0.3081674842803213,0.0,0.0,14,237885.0,280884.50038602203,7562.499974735081,0.0269238778371247,,0.0269238778371247,0.2013166099773237,0.030618152239096,18.914299886621315,19.11561649659864,5.596281179138322,5.767628968253967,,0.145863914507323,0.3565133076086315
fao_subnational_2024,Indonesia,GADM:IDN.24_1,Riau,2002,2019,17,0.953718179859501,1.9449278504599696,-0.0978941671874725,0.6696913386280393,0.0,0.0,14,486615.0,2363205.5005953014,39579.09977631271,0.0167480567247929,,0.0167480567247929,0.3056320861677964,0.2063685165491493,25.984746315192744,26.29037840136053,7.850721371882087,6.230579648526079,,0.3019860282533639,0.1277323037730577
fao_subnational_2024,Indonesia,GADM:IDN.25_1,Sulawesi Barat,2005,2019,14,0.6857779035092494,1.3321742886779924,-0.5028708025183795,0.726586168346702,0.0,0.0,14,146502.0,419416.7006339431,17890.500219918787,0.0426556696308886,,0.0426556696308886,0.2048143424036165,0.3429217862015901,22.18222222222223,22.387036564625845,4.573323412698413,6.141615646258503,,0.3336632118857949,0.3144225464386594
fao_subnational_2024,Indonesia,GADM:IDN.26_1,Sulawesi Selatan,2002,2019,17,0.4538252751277496,0.6505278986837405,-0.1892196682706392,0.5394019187567616,0.0,0.0,17,3531662.0,1907322.700485476,224709.60088969767,0.1178141490333554,,0.1178141490333554,0.2495975056689303,0.0959343753363661,22.5774858276644,22.827083333333327,6.254216269841272,6.854210600907032,,0.2496785904349615,0.3657495508630016
fao_subnational_2024,Indonesia,GADM:IDN.27_1,Sulawesi Tengah,2002,2019,17,0.7317860049851639,1.462316151514437,-0.4733444156076304,0.6925224981303606,0.0,0.0,15,646663.0,792508.1005213782,54271.89934259653,0.068481191935946,,0.068481191935946,0.3199163832199474,0.4133944657993211,26.901615646258502,27.221532029478453,3.9778925736961455,5.62233134920635,,0.3023695189822409,0.246217357978425
fao_subnational_2024,Indonesia,GADM:IDN.28_1,Sulawesi Tenggara,2002,2019,17,0.7476005359420848,1.4671796801811663,-0.1317486626557674,0.3773023968173451,0.0,0.0,14,435476.0,678761.4994116575,31436.100057065487,0.0463139115643918,,0.0463139115643918,0.2210359977324328,0.6742031894897695,24.559032029478463,24.33799603174603,3.846160714285715,6.439254535147393,,0.1835207306852788,0.2883524339502289
fao_subnational_2024,Indonesia,GADM:IDN.29_1,Sulawesi Utara,2002,2019,17,0.5659030221897261,0.9989061910324049,-0.1272414507987819,0.4257124807385911,0.0,0.0,13,466240.0,623313.6016562581,39147.000119797885,0.0628046620766451,,0.0628046620766451,0.2320323129251806,0.1546166549765126,28.3560544217687,28.58808673469388,4.645248015873016,3.927015306122448,,0.2583194089205812,0.1828217983780054
fao_subnational_2024,Indonesia,GADM:IDN.2_1,Bali,2002,2019,17,0.6010363123917405,1.0324385922936854,-0.1558113899992929,0.4823378244639013,0.0,0.0,13,657074.0,373727.89903093874,129263.09997980297,0.3458749007365437,,0.3458749007365437,0.4211890589569123,0.0392610388454818,24.6835870181406,25.104776077097508,2.946619897959184,2.830932539682539,,0.2140620577851442,0.2493934653278315
fao_subnational_2024,Indonesia,GADM:IDN.30_1,Sumatera Barat,2002,2019,17,0.642873019648691,1.2111435411066298,-0.5556214932130972,0.8106486980485897,0.0,0.0,14,1349763.0,1262362.800177291,111786.5000643134,0.0885533858005113,,0.0885533858005113,0.349321145124715,0.0322842468689622,23.626539115646256,23.97586026077097,9.951068594104308,9.629805839002268,,0.3552244654292493,0.2140620577851442
fao_subnational_2024,Indonesia,GADM:IDN.31_1,Sumatera Selatan,2002,2019,17,0.7006857870111857,1.380665875011665,-0.5384206526343318,0.8133363047252354,0.0,0.0,15,1825904.0,2559256.000634283,185617.6006469205,0.072527953671269,,0.072527953671269,0.2858687641723431,0.0086240294754815,26.145802154195007,26.431670918367352,5.735963718820863,5.785430839002268,,0.3042191205370017,0.361186373836432
fao_subnational_2024,Indonesia,GADM:IDN.32_1,Sumatera Utara,2002,2019,17,0.68787683448088,1.338287755787109,-0.2432038797938435,0.5697012475083367,0.0,0.0,15,3275651.0,2552547.702239834,233694.3003232479,0.0915533528004916,,0.0915533528004916,0.3682738095238156,0.0950139426512354,22.46067176870748,22.8289455782313,12.211404478458046,11.051150793650791,,0.3018472310276833,0.3073239213290406
fao_subnational_2024,Indonesia,GADM:IDN.4_1,Banten,2002,2019,17,0.3923137664080829,0.4996107214302978,-0.2524809113904158,0.7904554392663177,0.0,0.0,14,1151258.0,602616.6975958124,317828.1022374928,0.5274133682413605,,0.5274133682413605,0.301014739229024,0.2517852561836218,25.56137471655329,25.86238945578232,4.148881802721088,5.193509070294785,,0.4087482393887887,0.3026578213645506
fao_subnational_2024,Indonesia,GADM:IDN.5_1,Bengkulu,2002,2019,17,0.7759347330133812,1.5559903119133336,-0.1880997621191769,0.5049499939483054,0.0,0.0,14,473773.0,721128.7993753403,39788.90011198819,0.055175857830743,,0.055175857830743,0.2180555555555575,0.264973669099056,23.126293934240355,23.34434948979592,6.128127834467118,7.751920351473923,,0.2329265441751419,0.4102397161905707
fao_subnational_2024,Indonesia,GADM:IDN.6_1,Gorontalo,2002,2019,17,0.4966993227273948,0.758676459964037,-0.1568825283956892,0.4446783909309175,0.0,0.0,14,264048.0,295339.30020994693,22232.19973655045,0.0752768077961392,,0.0752768077961392,0.4071145124716468,0.0474447260046948,26.91461167800454,27.321726190476188,4.015055272108844,4.205548469387754,,0.2011549859097039,0.2382167625161958
fao_subnational_2024,Indonesia,GADM:IDN.7_1,Dki Jakarta,2002,2018,16,0.4329655903616924,0.5946168512805738,-0.3460146806575352,0.9017523793742502,0.0,0.0,7,7801.0,10197.99999167025,4965.400054991245,0.4868993978277108,,0.4868993978277108,0.1265263605442247,0.0655718263984792,27.40013605442177,27.52666241496599,4.111051587301587,4.380620748299319,,0.8837597691494,0.2157919734471484
fao_subnational_2024,Indonesia,GADM:IDN.8_1,Jambi,2002,2019,17,0.855260428439249,1.7659318401405784,-0.3561446374498477,0.7713174709327839,0.0,0.0,14,559541.0,1446887.1981732994,52612.20032892376,0.0363623372957801,,0.0363623372957801,0.2684793083900152,0.2687925618456577,25.678100907029485,25.94658021541949,5.031360544217686,6.3837528344671215,,0.326397673176964,0.8187266174719148
fao_subnational_2024,Indonesia,GADM:IDN.9_1,Jawa Barat,2002,2019,17,0.3400780982715937,0.3690157832299735,-0.1203841616721163,0.6925815329693592,0.0,0.0,15,6430245.0,3130697.293116741,1793635.4074213805,0.5729188227060243,,0.5729188227060243,0.1105413832199571,0.5176193844212402,21.34750850340136,21.45804988662132,4.642728174603174,7.045894274376417,,0.5434465603645869,0.303144377795197
harveststat_africa_v1.2,Lesotho,HV1:LS:Thaba-Tseka,Thaba-Tseka,2002,2017,15,0.2774838431721039,0.4043473251251348,0.0907807507051616,0.4479408640381022,0.0,0.0,4,49894.0,8259.09993699938,0.0,0.0,,0.0,0.0535518207282935,0.2813608650257857,11.822970121381884,11.876521942110177,3.640678804855277,4.665023342670401,0.0010765278741173,0.0,0.5405873022314946
harveststat_africa_v1.2,Lesotho,HV1:LS:Berea,Berea,2002,2019,17,0.2016528933596697,0.182489403152308,-0.0797075250827665,0.7379391578292922,0.0,0.0,5,80527.0,32417.400188170373,38.59999991953373,0.0011907185553275,,0.0011907185553275,0.0668244631185777,0.0677481436463227,15.864619047619051,15.931443510737628,2.2768599439775907,2.4311129785247427,0.0010765278741173,0.0,0.0
harveststat_africa_v1.2,Lesotho,HV1:LS:Butha-Buthe,Butha-Buthe,2002,2019,17,0.1409412058511023,0.1076410690344351,0.0242031944811592,0.6104549921411239,0.0,0.0,5,23902.0,15045.500075921416,35.19999980926514,0.0023395699466047,,0.0023395699466047,0.180612511671335,0.1584337480039765,10.78020168067227,10.960814192343603,3.2721456582633053,3.7905639589169,0.0010765278741173,0.0,0.0
harveststat_africa_v1.2,Lesotho,HV1:LS:Leribe,Leribe,2002,2019,17,0.3083553516830942,0.6537524690198011,-0.3146185617333437,0.7439400459404365,0.0,0.0,5,100366.0,30892.70009587705,1058.8999996185305,0.0342767060286792,,0.0342767060286792,0.0668244631185777,0.0677481436463227,15.864619047619051,15.931443510737628,2.2768599439775907,2.4311129785247427,0.0010765278741173,0.0,0.0
harveststat_africa_v1.2,Lesotho,HV1:LS:Mafeteng,Mafeteng,2002,2019,17,0.2641064306125434,0.2815167432863383,0.0196260839089909,0.6602779485802294,0.0,0.0,4,79556.0,33420.900065504014,379.1000027656555,0.0113432014704161,,0.0113432014704161,0.2175303454715196,0.0103494046306075,15.878882352941178,16.0964126984127,2.4128011204481785,2.387830065359477,0.0010765278741173,0.0,0.0
harveststat_africa_v1.2,Lesotho,HV1:LS:Maseru,Maseru,2002,2019,17,0.1263480705251423,0.2297123406387906,0.1602245948453008,0.5784361039390242,0.0,0.0,4,85707.0,29771.89999075234,263.59999895095825,0.0088539864446957,,0.0088539864446957,0.1335219421101749,0.107769580352395,16.698988795518208,16.832510737628382,2.298424836601308,2.5461251167133523,0.0010765278741173,0.0,0.0
harveststat_africa_v1.2,Lesotho,HV1:LS:Mohale's Hoek,Mohale's Hoek,2002,2019,17,0.2074495937721139,0.3747274379648115,0.2301225780931045,0.5297181973679548,0.0,0.0,4,55883.0,26211.59999795258,341.6999969482422,0.0130362128589987,,0.0130362128589987,0.2175303454715196,0.0103494046306075,15.878882352941178,16.0964126984127,2.4128011204481785,2.387830065359477,0.0010765278741173,0.0,0.0
harveststat_africa_v1.2,Lesotho,HV1:LS:Mokhotlong,Mokhotlong,2002,2017,15,0.2576869595965319,0.4689320579396174,0.1824960521797038,0.4571253407738809,0.0,0.0,4,38320.0,7792.799976438284,0.0,0.0,,0.0,0.1306181139122336,0.1943125176203635,10.78020168067227,10.910819794584503,3.2721456582633053,3.9079645191409895,0.0010765278741173,0.0,0.0
harveststat_africa_v1.2,Lesotho,HV1:LS:Qacha's Nek,Qacha's Nek,2002,2017,15,0.3247437462009092,0.576297303724512,0.3013459907394713,0.3643126976676755,0.0,0.0,4,12537.0,8710.999897375703,0.0,0.0,,0.0,0.246743230625578,0.0288400466432315,13.486459383753504,13.73320261437908,2.75048085901027,2.671156862745098,0.0010765278741173,0.0,0.0
harveststat_africa_v1.2,Lesotho,HV1:LS:Quthing,Quthing,2002,2017,15,0.2082874157791131,0.3283992181065337,0.1154095689041684,0.3766416951803262,0.0,0.0,4,32909.0,18976.10004545748,548.0999956130981,0.0288837007762457,,0.0288837007762457,0.3287058823529442,0.1427154298684293,13.659584500466847,13.988290382819793,2.7314939309056947,2.341667600373482,0.0010765278741173,0.0,0.0
harveststat_africa_v1.2,Mali,HV1:ML:Gao,Gao,2002,2019,17,0.2166728187029596,0.4811779527713613,-0.0298147304700269,0.4433203134720592,0.0,0.0,5,198441.0,78059.90010882169,32379.200010299683,0.4147994036010872,,0.4147994036010872,0.5454695071010927,1.4248268157382329,29.45890288220552,28.913433375104425,0.2923880534670008,0.7089903926482877,0.0692227305346456,0.4391311995512892,0.0
harveststat_africa_v1.2,Mali,HV1:ML:Kayes,Kayes,2002,2019,17,0.1402105061324656,0.2698674565488869,0.0927640392521197,0.2567621584739477,0.0,0.0,9,1312056.0,538193.7997178733,5238.60000538826,0.0097336684445907,,0.0097336684445907,1.2317890559732727,0.6561995253603148,28.63275292397661,27.400963868003345,1.8912468671679192,3.13228216374269,0.0692227305346456,0.0081864476663733,0.5045815933604262
harveststat_africa_v1.2,Mali,HV1:ML:Koulikoro,Koulikoro,2002,2019,17,0.253398486178179,0.3862321655721237,-0.0230920005735782,0.2055311192662607,0.0,0.0,11,2315807.0,1136162.7000712752,46054.90001255274,0.0405354796541583,,0.0405354796541583,1.0276723057644104,0.4568955998642288,28.029912071846272,27.002239766081864,1.8385739348370929,2.678610275689222,0.0692227305346456,0.0751681488483059,0.0082661448061206
harveststat_africa_v1.2,Mali,HV1:ML:Mopti,Mopti,2002,2019,17,0.1506959298295364,0.2728484983706993,-0.0863861637672711,0.5341524293704822,0.0,0.0,8,2581724.0,970095.6001153664,92044.50090658665,0.094881886790993,,0.094881886790993,0.292502923976611,0.0909343145526202,28.180212614870506,27.887709690893896,1.5536566416040098,1.6949373433583963,0.0692227305346456,0.0734127696226897,0.0820757533520689
harveststat_africa_v1.2,Mali,HV1:ML:Segou,Segou,2002,2019,17,0.181069870536152,0.281667387740885,-0.0063061738702968,0.2744525811655413,0.0,0.00466985001788,12,2899879.0,1150413.8976499883,200415.1998070329,0.1742113861945093,,0.1742113861945093,0.692564118629901,0.2726607784931742,28.41987928153717,27.727315162907274,1.5639106098579778,1.9903276942355888,0.0692227305346456,0.1399224215049778,0.0699329705409724
harveststat_africa_v1.2,Mali,HV1:ML:Sikasso,Sikasso,2002,2019,17,0.3157256903919856,0.5886331969459699,0.029798178581482,0.2135436874517197,0.0,0.0,12,2721657.0,1584235.800454609,22680.400162100792,0.0143163032646986,,0.0143163032646986,1.129482038429405,0.3849038768376904,27.59252401837928,26.463041979949868,2.632357142857144,3.645561612364244,0.0692227305346456,0.0129166716055203,0.1347973969896895
harveststat_africa_v1.2,Mozambique,HV1:MZ:Tete,Tete,2002,2019,17,0.2965032858247868,0.4770025492076462,0.1085373964017359,0.3508469304600435,0.0,0.0,12,820614.45549621,1003097.1999730766,1653.3999857455492,0.0016482948868663,,0.0016482948868663,0.0374927536231948,0.2274364843781191,25.402554238032504,25.365061484409303,2.7580842116820383,3.385373188405797,0.0127850468609161,0.00281285127085,0.0148184812130688
harveststat_africa_v1.2,Mozambique,HV1:MZ:Zambezia,Zambezia,2002,2019,17,0.3927010024768629,0.759509735808099,-0.0287447358802569,0.2678446441919433,0.0,0.0,14,1953218.3758349,1154376.0009530932,11691.999950930476,0.0101284156473082,,0.0101284156473082,0.0666284584980254,0.1690974900133079,24.546370333772504,24.47974187527448,4.360490777338602,5.097838823012737,0.0127850468609161,0.0106677344581516,0.0027174688474102
harveststat_africa_v1.2,Mozambique,HV1:MZ:Cabo Delgado,Cabo Delgado,2002,2019,17,0.4509557672820756,0.9653195815468112,0.0279497402010568,0.2270251892852712,0.0,0.0,12,842985.64407176,527421.7999151573,1856.8000160828235,0.0035205219359182,,0.0035205219359182,0.0530146025472059,0.943402635070972,24.56855259112868,24.515537988581475,4.004703886693016,7.782752086078171,0.0127850468609161,0.0034433829151103,0.009931754882242
harveststat_africa_v1.2,Mozambique,HV1:MZ:Gaza,Gaza,2002,2019,17,0.2440467622451217,0.3807858152338218,0.0666040820835454,0.3609847751725232,0.0,0.0,11,710942.29418917,392294.0000521615,47235.09983570874,0.1204073980979268,,0.1204073980979268,0.0218620992534001,0.3830510875305435,25.98753447518665,26.00939657444005,1.6324510320597283,2.257763175230566,0.0127850468609161,0.1172877755046099,0.0034603856589044
harveststat_africa_v1.2,Mozambique,HV1:MZ:Inhambane,Inhambane,2002,2019,17,0.4245029869048753,0.6934345137086846,0.063114367606572,0.2489546380265571,0.0,0.0,11,858229.7207853,482227.2000644654,1307.6000077277422,0.0027115849283344,,0.0027115849283344,0.5940303030303035,0.1687635424521595,25.515773056653494,26.1098033596838,2.268896464646465,1.8859894598155469,0.0127850468609161,0.0039452454320813,0.1230145197283972
harveststat_africa_v1.2,Mozambique,HV1:MZ:Manica,Manica,2002,2019,17,0.2128888535494424,0.2396980448523358,-0.008687060695801,0.5195860189836873,0.0,0.0,14,855461.42508374,899664.4994970411,3588.9999807327986,0.0039892648678915,,0.0039892648678915,0.3261635924462113,0.1791310825291916,21.64079303908652,21.966956631532724,4.277906346069392,5.0442123407993,0.0127850468609161,0.0055974995567475,0.0031803203721589
harveststat_africa_v1.2,Mozambique,HV1:MZ:Maputo,Maputo,2002,2019,17,0.4015949017903747,0.509635087371286,0.0074026384962955,0.3734515012751667,0.0,0.0070709737183535,14,155565.56194585,147996.19979555905,24498.39986421168,0.1655339792376669,,0.1655339792376669,0.1043820816864265,0.5347260953517443,24.59561144049188,24.49122935880545,1.94613548528766,2.986784914361002,0.0127850468609161,0.0623894375563879,0.012353168561592
harveststat_africa_v1.2,Mozambique,HV1:MZ:Nampula,Nampula,2002,2019,17,0.3628493297101749,0.7414049823238177,-0.1146639475925624,0.335882510115282,0.0,0.0,14,2444051.15809289,1119172.5998735055,691.9000129699707,0.0006182245822031,,0.0006182245822031,0.4285102108036802,0.0206793960516109,24.052055335968387,24.480565546772063,5.587058739569608,5.702595740008782,0.0127850468609161,0.0009433372067321,0.0708231014167095
harveststat_africa_v1.2,Mozambique,HV1:MZ:Sofala,Sofala,2002,2019,17,0.3672268380851621,0.7182512879733474,0.1329348586943778,0.2476840495766672,0.0,0.0,13,589091.42871493,535771.1998623386,22286.299796566367,0.0415966737336621,,0.0415966737336621,0.3559028326745825,0.0732279214425017,25.88144082125604,26.23734365393062,3.859479358805444,3.5768577075098817,0.0127850468609161,0.0502093484702997,0.0009334414732267
harveststat_africa_v1.2,Mauritania,HV1:MR:Assaba,Assaba,2002,2016,14,0.0393132394155809,0.0313652026331918,-0.0248772979632692,0.8957375268364329,0.0,0.0,4,49462.0,46166.79993569851,244.39999878406525,0.0052938475078295,,0.0052938475078295,1.1201952214452149,1.3835870768374514,29.46372027972028,28.343525058275063,0.5612156177156178,1.3377062937062938,0.0782111745079546,0.0,0.0481829627653671
harveststat_africa_v1.2,Mauritania,HV1:MR:Hodh el Gharbi,Hodh el Gharbi,2002,2016,14,0.152929721204934,0.1964653782769148,0.1531976498563261,0.7421359624584839,0.0,0.0,4,26153.0,41520.800083614886,145.799999833107,0.0035114930237253,,0.0035114930237253,1.117089743589737,1.0282236086149492,28.776526806526803,27.659437062937062,0.632932400932401,1.2837284382284382,0.0782111745079546,0.0,0.0015905814579505
harveststat_africa_v1.2,Niger,HV1:NE:Agadez,Agadez,2002,2017,15,0.6790312976929668,1.387933755571555,0.0103289738493936,0.4119037087006179,0.0,0.0,9,6701.427370689655,9412.50005082041,1809.80000372231,0.1922762277769724,,0.1922762277769724,0.4439999999999979,0.1907928388746801,27.506942857142857,27.950942857142856,0.0124126984126984,0.0100444444444444,0.0093015368710124,0.035002719403742,0.0
harveststat_africa_v1.2,Niger,HV1:NE:Diffa,Diffa,2002,2017,15,0.2180254806586108,0.4108769771925503,-0.2150587896509045,0.6184156865835349,0.0,0.0,12,377635.1510100238,261090.2998307944,347.6999917179346,0.001331723131588,,0.001331723131588,0.1226063492063493,1.1316129808415285,28.49821904761905,28.3756126984127,0.1055523809523809,0.2249968253968254,0.0093015368710124,0.0012160574800118,0.1099193292783144
harveststat_africa_v1.2,Niger,HV1:NE:Dosso,Dosso,2002,2017,15,0.1364948217125878,0.1842485827819523,-0.0797988171588219,0.4336481719599569,0.0148411552681664,0.0148411552681664,16,4999947.69,2610978.1012090445,103.90000002086164,3.979351644992713e-05,,3.979351644992713e-05,0.1266920634920628,0.08466624301997,28.20826349206349,28.08157142857143,2.113171428571428,2.292085714285714,0.0093015368710124,0.000465733190961,5.885522364526106e-05
harveststat_africa_v1.2,Niger,HV1:NE:Maradi,Maradi,2002,2017,15,0.1189544131161083,0.1636288248514775,-0.0368730326332257,0.3137528590006698,0.0019136434558805,0.0019136434558805,13,8601393.3,4289302.3993818015,264.3999992311001,6.164172506680968e-05,,6.164172506680968e-05,0.2457015873015734,0.0323119675972171,27.349269841269848,27.59497142857142,1.7478412698412698,1.6913650793650798,0.0093015368710124,0.0,0.0009830255386734
harveststat_africa_v1.2,Niger,HV1:NE:Tahoua,Tahoua,2002,2017,15,0.1218549589609709,0.1376836041465489,-0.0466386671692536,0.3718005213194098,0.0001950188330128,0.0001950188330128,14,5932760.349990137,2529774.201038748,1857.4999922215936,0.0007342552514998,,0.0007342552514998,0.3479301587301506,0.555401122864216,28.84032380952381,28.49239365079365,1.043815873015873,1.623552380952381,0.0093015368710124,0.0011137130419085,1.014798673851406e-06
harveststat_africa_v1.2,Niger,HV1:NE:Zinder,Zinder,2002,2019,17,0.271712050204947,0.37286968601107,-0.0993276470618861,0.3418449943360332,0.0001563064648088,0.0001563064648088,13,7626044.14,3656624.499892525,188.40000122785568,5.152292810853099e-05,,5.152292810853099e-05,0.0248666666666736,0.2750338461336732,27.593907936507936,27.618774603174607,0.9684349206349206,1.2347873015873012,0.0093015368710124,1.2121578156943192e-07,0.0009208534559052
harveststat_africa_v1.2,Nigeria,HV1:NG:Delta,Delta,2002,2019,17,0.3045959525892783,0.4761798073928958,-0.0677539890443421,0.2812794521293432,0.0,0.0,8,613360.0,919773.3002706468,13517.900145709516,0.0146969912496175,,0.0146969912496175,0.3696662257495657,0.4427907205343715,25.68012610229276,26.04979232804233,5.741470458553794,8.283740299823636,0.0044304256783059,0.0621793493159821,1.1811771449882217e-07
harveststat_africa_v1.2,Nigeria,HV1:NG:Ebonyi,Ebonyi,2002,2019,17,0.306329030035793,0.4637274647479501,0.0141515546834494,0.1806010760126681,0.0,0.0,8,545870.0,674992.0991952941,5877.0999393463135,0.00870691663851,,0.00870691663851,0.8355132275132178,0.277019801791136,25.16589417989418,26.0014074074074,5.726416225749558,4.14008553791887,0.0044304256783059,0.1731850883067734,0.0053561647860879
harveststat_africa_v1.2,Nigeria,HV1:NG:Edo,Edo,2002,2019,17,0.313230721230296,0.5079158171289286,0.0174818947909734,0.2076709617513705,0.0,0.0,9,491460.0,841946.6001746356,8945.3000337407,0.0106245455850588,,0.0106245455850588,0.2485416666666601,0.4998382172595756,25.08690277777778,25.33544444444444,5.125731261022927,7.687767636684303,0.0044304256783059,0.0442499712869722,0.1483639958660031
harveststat_africa_v1.2,Nigeria,HV1:NG:Ekiti,Ekiti,2002,2019,17,0.2705242760350141,0.5389711024552098,-0.0186556646655819,0.186385026362056,0.0,0.0,9,792680.0,704237.099261418,6430.899945020676,0.0091317255960601,,0.0091317255960601,0.0354592151675553,0.6329867667112612,24.52580621693121,24.49034700176366,4.062209656084657,6.633534611992948,0.0044304256783059,0.149328651346475,0.0394941542916342
harveststat_africa_v1.2,Nigeria,HV1:NG:Enugu,Enugu,2002,2019,17,0.3621384033460969,0.5821646744986164,-0.1476829029735911,0.3281933853662235,0.0,0.0,10,1461610.0,1057701.3011749536,11608.699847057462,0.0109754047141304,,0.0109754047141304,0.4995141093474255,0.1051867924328109,24.95658267195768,25.456096781305103,4.986719576719575,5.511256613756611,0.0044304256783059,0.1118943299656742,0.3140949187245948
harveststat_africa_v1.2,Nigeria,HV1:NG:Federal Capital Territory,Federal Capital Territory,2002,2019,17,0.4473049637049705,0.8397879656441927,0.0180885667152213,0.1482659484529239,0.0,0.0,12,208098.0,215385.199663572,6443.499858915806,0.0299161681906669,,0.0299161681906669,0.3315467372134056,0.2462528435476785,25.786229497354505,26.11777623456791,3.5160553350970027,4.381893959435626,0.0044304256783059,0.0621906949450523,0.0705081677530241
harveststat_africa_v1.2,Nigeria,HV1:NG:Gombe,Gombe,2002,2019,17,0.3771598378950409,0.5550597105588227,-0.0640244087168969,0.2046037396611978,0.0,0.0,11,1945960.0,1015200.7000643834,14271.00001592189,0.0140573189272001,,0.0140573189272001,0.4650240299823451,0.5392679785204693,26.51558024691357,26.050556216931223,2.8112158289241616,4.32721450617284,0.0044304256783059,0.00383675435882,0.0947091460322522
harveststat_africa_v1.2,Nigeria,HV1:NG:Imo,Imo,2002,2019,17,0.3197683372400868,0.5571810853839745,-0.0744446489867509,0.2907029672012639,0.0,0.0,9,1050170.0,775018.9004386663,12070.099914997816,0.0155739426589029,,0.0155739426589029,0.3744922839506223,0.5007926118963835,25.37798037918872,25.75247266313934,5.43377954144621,8.15497619047619,0.0044304256783059,0.0353106532764169,0.0040052233603054
harveststat_africa_v1.2,Nigeria,HV1:NG:Jigawa,Jigawa,2002,2019,17,0.4876307242579177,0.8216576963014643,-0.1011796412792864,0.2317728178451623,0.0,0.0,11,2433501.0,1030875.9003277272,11629.800050631166,0.0112814743723603,,0.0112814743723603,0.2861834215167644,0.0567784933770159,26.99235229276896,27.27853571428572,2.24152270723104,2.3687929894179884,0.0044304256783059,0.0178023427121952,0.0505443598890089
harveststat_africa_v1.2,Nigeria,HV1:NG:Kaduna,Kaduna,2002,2019,17,0.3269363743898374,0.4040215852992672,-0.0144058851037564,0.1382200515947981,0.0,0.0,12,5489200.0,3084926.496775314,61757.60031682998,0.020019148067672,,0.020019148067672,0.524227072310402,0.3250447197587125,23.36835361552029,23.89258068783069,5.222115520282185,6.919536596119931,0.0044304256783059,0.0663635454626224,0.0160789962033293
harveststat_africa_v1.2,Nigeria,HV1:NG:Abia,Abia,2002,2019,17,0.3309159517209928,0.6808987174225161,0.0620471743578651,0.1670091613456065,0.0,0.0,9,429700.0,539240.8006627709,14681.099994339049,0.0272254992135142,,0.0272254992135142,0.4536975308642026,0.1007388314118309,25.11886662257495,25.57256415343916,5.850854938271606,6.4402632275132285,0.0044304256783059,0.1011479535595408,0.0705993727584158
harveststat_africa_v1.2,Nigeria,HV1:NG:Kano,Kano,2002,2019,17,0.3476188277762501,0.4309257227508208,-0.006803144667264,0.2020730243417651,0.0,0.0,9,2958720.0,1977128.0000005213,40347.30020709336,0.0204070248396071,,0.0204070248396071,0.5919964726631279,0.0104388005991712,25.61704078483245,26.209037257495584,2.875076058201059,2.845063712522047,0.0044304256783059,0.0458208282522865,0.036101731102819
harveststat_africa_v1.2,Nigeria,HV1:NG:Katsina,Katsina,2002,2019,17,0.3792917664053577,0.5823179379319193,-0.0720993415232705,0.1949411306639864,0.0,0.0,10,3071080.0,1498767.4000865445,20382.39996717125,0.0135994417586039,,0.0135994417586039,0.3477202380952475,0.3865705127198231,26.165867063492065,25.81814682539682,2.6667014991181666,3.6975696649029968,0.0044304256783059,0.0085849415605804,0.0442636485701145
harveststat_africa_v1.2,Nigeria,HV1:NG:Kebbi,Kebbi,2002,2019,17,0.5502584663012046,1.0017208878348791,-0.1366835320502758,0.2537992092746498,0.0,0.0,11,1469560.0,790009.9997205287,4736.300005212426,0.0059952405752938,,0.0059952405752938,0.2480570987654226,0.1386653423863593,27.506102954144616,27.2580458553792,2.723518518518519,3.10117614638448,0.0044304256783059,0.0181017860951505,0.0078698523201195
harveststat_africa_v1.2,Nigeria,HV1:NG:Kogi,Kogi,2002,2019,17,0.3732039567958318,0.7147639441660456,-0.0614642715730463,0.1942934103604162,0.0,0.0,11,1708680.0,873109.6998882368,4024.79996047914,0.0046097299812318,,0.0046097299812318,0.2275361552028098,0.3182238598799705,25.59658774250441,25.824123897707224,3.807242283950617,5.018797619047617,0.0044304256783059,0.0551687749747744,0.0203395031272018
harveststat_africa_v1.2,Nigeria,HV1:NG:Kwara,Kwara,2002,2019,17,0.4138427522757087,0.7725707182433336,-0.0188672600314201,0.1459839940548583,0.0,0.0,12,866690.0,467299.8998173997,3423.799972176552,0.007326772322259,,0.007326772322259,0.3177246472663076,0.2765321615849903,26.45188051146384,26.13415586419753,2.95763888888889,3.7755211640211632,0.0044304256783059,0.0637861463131988,0.0633679111539726
harveststat_africa_v1.2,Nigeria,HV1:NG:Lagos,Lagos,2002,2019,17,0.328681145686474,0.6493946619287919,-0.1266497239568572,0.3382945046611569,0.0,0.0,9,330270.0,107314.20041059704,5771.700084745884,0.0537831905065934,,0.0537831905065934,0.19996737213404,0.3633246660758482,26.07901322751323,26.27898059964727,4.551819664902999,6.20560802469136,0.0044304256783059,0.0364999468710425,0.0295500628007833
harveststat_africa_v1.2,Nigeria,HV1:NG:Nasarawa,Nasarawa,2002,2019,17,0.3641380100880789,0.7132905377222645,0.0108864267008154,0.1250792896422494,0.0,0.0,11,1499910.0,971510.6007995604,16333.099985182283,0.0168120656344254,,0.0168120656344254,0.973406305114657,0.0508697010343739,25.74788492063491,26.721291225749567,3.7044318783068775,3.515988536155202,0.0044304256783059,0.1196055950570574,0.0325787791023032
harveststat_africa_v1.2,Nigeria,HV1:NG:Niger,Niger,2002,2019,17,0.3033202064952304,0.4954156168276161,-0.0148324702550112,0.1381534008536404,0.0,0.0,12,6361130.0,2409984.7919954434,19110.89997265488,0.0079298840540944,,0.0079298840540944,0.1349274691358017,0.2440585261566223,25.446955026455026,25.581882495590825,4.079410273368605,5.075025132275131,0.0044304256783059,0.0333477074663818,0.1199318893486282
harveststat_africa_v1.2,Nigeria,HV1:NG:Ogun,Ogun,2002,2019,17,0.408844889252215,0.7982354708433888,-0.1822949641698112,0.3572248953438388,0.0,0.0,9,730510.0,778088.100958772,9464.000028774142,0.012163147100068,,0.012163147100068,0.0852173721340502,0.4057120890919068,25.41341203703704,25.498629409171084,4.5564583333333335,6.405068562610228,0.0044304256783059,0.0384640848347408,0.0389700620187858
harveststat_africa_v1.2,Nigeria,HV1:NG:Ondo,Ondo,2002,2019,17,0.3299768810171393,0.4094059908290586,-0.0215224049790233,0.2100245369666447,0.0,0.0,9,935990.0,1338452.1994558498,8908.200078561902,0.0066555982217247,,0.0066555982217247,0.1717023809523855,0.5282896985823495,24.67823787477954,24.849940255731926,4.851639991181657,7.414711419753088,0.0044304256783059,0.0870682644890816,0.029483445621042
harveststat_africa_v1.2,Nigeria,HV1:NG:Adamawa,Adamawa,2002,2019,17,0.3820250812481667,0.585088591269415,-0.0504167372731203,0.1927937961082054,0.0,0.0,13,1499540.0,577601.6998607665,6241.499976411462,0.0108058892103607,,0.0108058892103607,0.1099451058200947,0.1237164146398352,27.497850088183423,27.60779519400352,2.806902557319225,3.154162477954144,0.0044304256783059,0.0385970030175146,0.0769768812058476
harveststat_africa_v1.2,Nigeria,HV1:NG:Osun,Osun,2002,2019,17,0.3911005415180176,0.7179135232993944,-0.0876249112250558,0.2499702213169361,0.0,0.0,9,551490.0,973233.5003370792,5748.099922657013,0.0059061878990665,,0.0059061878990665,0.0707522045855455,0.5336200931797905,24.857796516754856,24.78704431216931,4.689167328042329,7.1914012345679055,0.0044304256783059,0.0393379473807772,0.0412603588051907
harveststat_africa_v1.2,Nigeria,HV1:NG:Oyo,Oyo,2002,2019,17,0.3098928261821638,0.6509861805257036,-0.056651422113873,0.2102870478249652,0.0,0.0,11,1420580.0,1394133.3012372032,14733.000080257654,0.0105678560774518,,0.0105678560774518,0.1590630511463789,0.3504833081081726,24.995964065255727,24.836901014109348,4.430992063492065,5.983980820105821,0.0044304256783059,0.0018292326364617,0.0484618774862887
harveststat_africa_v1.2,Nigeria,HV1:NG:Plateau,Plateau,2002,2019,17,0.3784298850484729,0.7214081420349461,-0.0493859593892612,0.173157595493957,0.0,0.0,12,1763077.0,1146761.2990280464,25277.300002872944,0.022042337864294,,0.022042337864294,0.3520456349206269,0.1559561521168171,25.10841027336861,25.46045590828924,2.820577821869488,3.2604642857142863,0.0044304256783059,0.0196254460592137,0.0037282917872006
harveststat_africa_v1.2,Nigeria,HV1:NG:Rivers,Rivers,2002,2019,17,0.3090877479570783,0.4828486149574404,0.0011190779151392,0.3046803309989646,0.0,0.0,8,1001150.0,681256.1988638192,6203.299925625324,0.0091056785038741,,0.0091056785038741,0.3921909171075728,0.6626250632001689,25.41401499118166,25.80620590828924,6.25488425925926,10.399527336860668,0.0044304256783059,0.0632239254483198,0.0203351585756609
harveststat_africa_v1.2,Nigeria,HV1:NG:Sokoto,Sokoto,2002,2019,17,0.5269670612968386,0.9629468792122154,-0.2008829250961772,0.3383229535979754,0.0,0.0,10,3247240.0,1191491.4982784018,26792.99989578128,0.0224869417318501,,0.0224869417318501,0.7266186067019444,0.5727098862563758,27.662700176366847,26.936081569664903,2.326990520282187,3.659680996472663,0.0044304256783059,0.0057546782287364,0.1022814825992655
harveststat_africa_v1.2,Nigeria,HV1:NG:Taraba,Taraba,2002,2019,17,0.289767283787401,0.4550606008431043,-0.0369845199886157,0.1420034511348156,0.0,0.0,12,3066670.0,1891427.5981875288,7233.09998627007,0.0038241484861494,,0.0038241484861494,1.0224600970017674,0.1911806335850598,25.443893298059965,26.46635339506173,5.669481481481481,4.585586419753088,0.0044304256783059,0.0361214897495465,0.0058853997209241
harveststat_africa_v1.2,Nigeria,HV1:NG:Yobe,Yobe,2002,2019,17,0.4556542644676174,0.831249681197537,-0.1574659120235347,0.299020763592528,0.0,0.0,9,2079270.0,1014930.299804218,3957.899980440736,0.0038996766390797,,0.0038996766390797,0.517746252204568,0.4517906459555949,28.20059479717812,27.682848544973552,1.7216095679012342,2.499416666666665,0.0044304256783059,0.0148028351986994,0.0360088462264522
harveststat_africa_v1.2,Nigeria,HV1:NG:Zamfara,Zamfara,2002,2019,17,0.4927677846691219,0.8787282524074661,-0.048792938582788,0.2173389802288185,0.0,0.0,11,4003570.0,1279259.9991946071,3325.8000158965588,0.0025997842643328,,0.0025997842643328,0.1455837742504431,0.0487172687076316,26.32785229276896,26.473436067019403,3.0100615079365083,3.15670348324515,0.0044304256783059,0.0218066609949207,0.0145331466534985
harveststat_africa_v1.2,Nigeria,HV1:NG:Akwa Ibom,Akwa Ibom,2002,2019,17,0.2437867312336596,0.4259510549818944,-0.053697344538234,0.2953549225586913,0.0,0.0,8,799780.0,850657.3044010699,10386.699925102292,0.0122102048279187,,0.0122102048279187,0.5738503086419908,0.1034658438863563,25.419780202821865,25.99363051146385,9.25326455026455,8.295867724867723,0.0044304256783059,0.0102702848619045,0.019951138401233
harveststat_africa_v1.2,Nigeria,HV1:NG:Anambra,Anambra,2002,2019,17,0.3006099300615696,0.3466652730094938,-0.019960151840429,0.2281776266967228,0.0,0.0,7,503900.0,563121.4999759719,11271.800046645105,0.0200166394767844,,0.0200166394767844,0.3572231040564367,0.468887993415773,25.22527689594356,25.5825,5.1432299382716025,7.554828703703704,0.0044304256783059,0.1187186897891862,0.0071942329863549
harveststat_africa_v1.2,Nigeria,HV1:NG:Bauchi,Bauchi,2002,2019,17,0.4128716759527269,0.7733777434198932,-0.0850219363399876,0.2279298033211601,0.0,0.0,11,3074907.0,1488172.8001495972,16158.100030563772,0.0108576772999341,,0.0108576772999341,0.371430335096998,0.3703957333774421,26.770508818342147,26.399078483245148,2.2177808641975307,3.039237433862433,0.0044304256783059,0.0122899467271921,0.1632865896732845
harveststat_africa_v1.2,Nigeria,HV1:NG:Bayelsa,Bayelsa,2002,2019,17,0.4731339579503387,0.8405441602131893,-0.0037111510296572,0.2360985793092302,0.0,0.0,9,367510.0,218019.8997991681,10089.499821424484,0.0462778848660996,,0.0462778848660996,0.3713059964726679,0.6776280441336495,25.48218143738977,25.85348743386244,6.421831790123457,10.773445105820109,0.0044304256783059,0.0780617304449425,0.0116310197161424
harveststat_africa_v1.2,Nigeria,HV1:NG:Benue,Benue,2002,2019,17,0.2212766032649257,0.3480505859705831,-0.0192588221480722,0.1362402369351743,0.0,0.0,11,3888580.0,2279601.699314326,21666.09997114539,0.009504335769561,,0.009504335769561,1.1736823192239854,0.2102564318087961,25.138665784832448,26.31234810405644,4.563691137566138,3.604145723104056,0.0044304256783059,0.1019138915862332,0.0894684663509954
harveststat_africa_v1.2,Nigeria,HV1:NG:Borno,Borno,2002,2019,17,0.4127153370467846,0.7717434668837944,-0.0574632849160543,0.2283918680584025,0.0,0.0,12,5160830.0,1737996.700131826,55710.29996117205,0.0320543186054072,,0.0320543186054072,0.3089801587301603,0.1474909270398434,28.616485670194,28.30750551146384,1.7204492945326275,1.97419995590829,0.0044304256783059,0.0313979101482433,0.0950032296205287
harveststat_africa_v1.2,Nigeria,HV1:NG:Cross River,Cross River,2002,2019,17,0.2867806247296536,0.3615409674084134,-0.0404286536095798,0.3052624869513078,0.0,0.0,8,1242900.0,1619091.9974314645,10042.69997870922,0.0062026740880944,,0.0062026740880944,0.7245222663139228,0.3140651294407335,25.04735030864198,25.771872574955903,7.483455908289242,5.133163359788359,0.0044304256783059,0.0804961673842532,0.0305116208942361
fao_subnational_2024,Pakistan,GADM:PAK.2_1,Balochistan,2002,2017,15,0.1181464526823628,0.1276475517768133,0.0205853744951641,0.2567059751177889,0.1869513653611035,0.1894515569147535,16,2429599.3524888707,1130573.8988409862,523016.7987814322,0.4626117755925602,,0.4626117755925602,0.6911429292929256,0.9290546780910816,25.12597348484848,25.81711641414141,0.1025330808080808,0.1977919191919191,0.8478340539742355,0.9809601472146304,0.1086581401974441
fao_subnational_2024,Pakistan,GADM:PAK.5_1,Khyber Pakhtoonkhaw,2002,2017,15,0.0674055722472942,0.1049866126670629,0.0141163783028873,0.3115759377562729,0.0186706344326668,0.08210078453555,16,4936584.37879401,1442811.2989972385,993534.0967842937,0.6886098670524726,,0.6886098670524726,0.8408558080807922,1.3058259230150575,25.64888914141413,24.80803333333334,0.8829484848484851,2.0359255050505047,0.8478340539742355,0.496948691646267,0.9829065011864634
fao_subnational_2024,Pakistan,GADM:PAK.7_1,Punjab,2002,2017,15,0.0832367760609281,0.1081538885754537,-0.0029745405653732,0.2579710366295329,0.0211742167052397,0.0725983158450547,17,40989085.39053014,14844141.20261217,11255902.498592325,0.758272394809313,,0.758272394809313,0.2499244949494993,0.3764507291941226,30.67838964646466,30.42846515151516,0.6256214646464647,0.8611371212121213,0.8478340539742355,0.9270552057916024,0.501841039135361
fao_subnational_2024,Pakistan,GADM:PAK.8_1,Sindh,2002,2017,15,0.1439035874503204,0.1838114125070692,0.0363527270706078,0.1927818572022797,0.0301901751838747,0.1322092802499337,17,8228158.640226629,3432402.9021832794,2791442.699833192,0.8132619565312725,,0.8132619565312725,0.4758361111111071,0.2046194158890344,30.61638989898989,31.092226010101,0.3887631313131312,0.3092146464646463,0.8478340539742355,0.9085791757634356,0.9147662384628532
harveststat_africa_v1.2,Sudan,HV1:SD:South Darfur,South Darfur,2002,2019,17,0.2102477336785358,0.3417253433940406,-0.0792659077700685,0.3692531883716053,0.0,0.0,5,4871429.926726298,836939.0004532486,0.0,0.0,,0.0,2.536766774891785,2.7789831115831425,28.94914772727273,26.412380952380943,0.8355817099567098,3.1576491702741696,0.1054801191811581,0.0395680632729308,0.903301891696054
harveststat_africa_v1.2,Sudan,HV1:SD:West Darfur,West Darfur,2002,2019,17,0.1412256204893322,0.271597140596847,-0.0031282718941325,0.3401458593209491,0.0,0.0,5,1021976.5821499308,98914.4000128582,0.0,0.0,,0.0,1.656965367965359,1.8227911031695128,26.38404617604617,24.72708080808081,1.1265503246753248,3.180016233766233,0.1054801191811581,0.0759994744956938,0.040211758037208
harveststat_africa_v1.2,Sudan,HV1:SD:White Nile,White Nile,2002,2019,17,0.2199078399145757,0.4120194891450041,-0.1648672482940814,0.5800419609678763,0.0,0.0,7,2601709.8311883667,343113.5993735567,36245.60012909025,0.1056373171896014,,0.1056373171896014,1.6994644660894769,0.8982518365629868,30.24001046176047,28.540545995671,0.8969834054834056,1.702700396825397,0.1054801191811581,0.3690995851596937,0.0716300507973298
harveststat_africa_v1.2,Sudan,HV1:SD:Blue Nile,Blue Nile,2002,2019,17,0.254323027156268,0.3471904488007362,-0.1235115793028347,0.5054449819443874,0.0,0.0,6,1378860.0,472752.3985162228,6094.099990844727,0.0128906802164761,,0.0128906802164761,2.201356421356428,2.077984334437987,29.271386544011538,27.070030122655112,1.173703463203463,3.612640873015872,0.1054801191811581,0.4180348254562704,0.3204631367515457
harveststat_africa_v1.2,Sudan,HV1:SD:Central Darfur,Central Darfur,2002,2019,17,0.1905455257286947,0.3627093892706549,-0.0112005132469549,0.3580265799901702,0.0,0.0,4,933963.417850069,187665.1003234312,0.0,0.0,,0.0,1.6699442640692672,2.2881262614596185,25.663711760461755,23.99376749639249,1.380561327561328,4.539459956709957,0.1054801191811581,0.1149726160582505,0.4168755678963098
harveststat_africa_v1.2,Sudan,HV1:SD:East Darfur,East Darfur,2002,2019,17,0.1837404880518609,0.3703909139706902,0.0655180102754408,0.3443217601330969,0.0,0.0,4,3008610.073273701,708044.0996177793,0.0,0.0,,0.0,2.515990620490625,2.298794339896014,29.440130772005777,26.92414015151516,0.9237334054834055,3.047206529581528,0.1054801191811581,0.0359043632041285,0.1087366714841886
harveststat_africa_v1.2,Sudan,HV1:SD:North Darfur,North Darfur,2002,2019,17,0.4768899159830029,1.0483283904378988,-0.4917181875093404,0.7606711339435622,0.0,0.0,4,3287340.0,681382.2008958161,0.0,0.0,,0.0,0.1066708152958168,9.061804932268974,25.10749531024532,25.00082449494949,0.0303461399711399,0.3053369408369409,0.1054801191811581,0.1032441398748055,0.0356430895031609
harveststat_africa_v1.2,Senegal,HV1:SN:Saint-Louis,Saint-Louis,2002,2015,13,0.2680748099364678,0.6117264369692883,0.2088960075346567,0.243980962962827,0.0,0.0,7,113919.0,78511.50006560981,63561.60000637919,0.8095833088561877,,0.8095833088561877,0.5129980019979931,0.6728457514039035,29.16305283605283,28.65005483405484,0.6694166389166388,1.1198307803307803,0.0472032079593573,0.5024215648178019,0.10116355223668
harveststat_africa_v1.2,Senegal,HV1:SN:Tambacounda,Tambacounda,2002,2015,13,0.1064851165592246,0.1369388216084782,0.0005698448291963,0.2594955049354258,0.0,0.0,8,540905.0,403294.7000617087,48786.10023294389,0.120968860303592,,0.120968860303592,1.2708560883560835,0.4452505783714304,29.809142968142964,28.53828687978688,1.6340651015651015,2.361633533133533,0.0472032079593573,0.0063001893606676,0.5427700172491412
harveststat_africa_v1.2,Senegal,HV1:SN:Thies,Thies,2002,2015,13,0.30202504545287,0.3972615349045169,-0.1113546041834295,0.4048231804581255,0.0,0.0,7,407810.0,675366.5995519534,7332.400085262954,0.0108569184353021,,0.0108569184353021,0.559777222777226,0.9644935238511972,26.416547508047508,25.85677028527028,0.9309928959928956,1.8289295149295148,0.0472032079593573,0.0009481440154201,0.0077184724717486
harveststat_africa_v1.2,Senegal,HV1:SN:Ziguinchor,Ziguinchor,2002,2015,13,0.5199102623813163,1.0609128839852535,0.181047037550011,0.1944077444625136,0.0,0.0,9,112601.0,0.0,0.0,,,,1.0147461982461918,0.7176124969397502,27.33285697635697,26.31811077811078,2.1085130980130984,3.621608447108446,0.0472032079593573,0.0382467316769305,0.0006191280044998
harveststat_africa_v1.2,Senegal,HV1:SN:Dakar,Dakar,2002,2015,13,0.5103485265163684,1.082483683596485,-0.1235231299870973,0.4071520346099461,0.0,0.0,7,6070.0,4115.399960823357,198.40000125020745,0.0482091663359286,,0.0482091663359286,0.2501459651459666,0.4742475856010812,24.83308724608725,24.58294128094128,1.205426850926851,1.7770976245976249,0.0472032079593573,0.0513473231209157,0.0462432223830489
harveststat_africa_v1.2,Senegal,HV1:SN:Diourbel,Diourbel,2002,2015,13,0.1148033703057162,0.1667507626878718,-0.065294964763578,0.433416023198117,0.0,0.0,7,570659.0,0.0,0.0,,,,0.6057952047952033,0.8257413194611882,27.928248307248303,27.3224531024531,1.064593462093462,1.943672272172272,0.0472032079593573,0.0,0.0066019606225385
harveststat_africa_v1.2,Senegal,HV1:SN:Fatick,Fatick,2002,2015,13,0.1665098590007177,0.3309428982353894,-0.0798513712670492,0.4319624152739489,0.0,0.0,8,706674.3306174956,281352.8003477752,1761.9999933242798,0.0062625998075949,,0.0062625998075949,0.6857995337995292,0.5167039891113079,27.772283660783664,27.08648412698413,1.5222604617604618,2.308818514818514,0.0472032079593573,0.0,1.942610189055524e-05
harveststat_africa_v1.2,Senegal,HV1:SN:Kaolack,Kaolack,2002,2015,13,0.303427267810428,0.3023090789825254,-0.0377421079237157,0.3855534506123161,0.0,0.0,9,928434.6693825044,0.0,0.0,,,,0.729634199134195,0.3810528318408304,28.29971434121434,27.570080142080144,1.6120644355644356,2.226346153846153,0.0472032079593573,0.0,0.0
harveststat_africa_v1.2,Senegal,HV1:SN:Kedougou,Kedougou,2002,2015,13,0.4249179177124526,0.7715351864945812,-0.1085920032241246,0.314015858202842,0.0,0.0,7,45597.0,9224.500029280782,13.5,0.0014634939516665,,0.0014634939516665,1.2310341325341307,0.8401144072012425,28.7552153957154,27.52418126318127,2.3919600399600407,4.401480130980131,0.0472032079593573,0.0003104393267757,0.0
harveststat_africa_v1.2,Senegal,HV1:SN:Kolda,Kolda,2002,2015,13,0.5229008085437236,0.9129524756337528,-0.3304779034132197,0.5380823490656664,0.0,0.0,9,133440.0,216591.9999263957,5040.200087629259,0.0232704813166786,,0.0232704813166786,1.3308515373515382,0.5898422826245449,28.68166045066045,27.35080891330891,2.135651071151071,3.3953483738483734,0.0472032079593573,0.0092854282774248,0.0002352635769432
harveststat_africa_v1.2,Senegal,HV1:SN:Louga,Louga,2002,2015,13,0.1274225194071342,0.125635311566771,-0.009490967218899,0.3466692258293464,0.0,0.0,7,1080401.7865689667,0.0,0.0,,,,0.4400643800643794,0.6254778451599101,28.612833444333447,28.172769064269065,0.8101075036075037,1.3168117993117991,0.0472032079593573,0.0022193634158604,0.0079099613096699
harveststat_africa_v1.2,Senegal,HV1:SN:Matam,Matam,2001,2015,14,0.3585206123003575,0.6740175515897998,0.0255583615443311,0.3858143360998278,0.0,0.0,6,23796.74081135568,50875.10007052124,4483.700038872659,0.0881315227421177,,0.0881315227421177,0.8927255522255564,1.0216688712992394,29.89341791541792,29.00069236319236,0.9364835164835166,1.8932595737595737,0.0472032079593573,0.049789181544031,0.0022887589088954
harveststat_africa_v1.2,Chad,HV1:TD:Lac,Lac,2002,2017,15,0.1009765726973497,0.0882988887283734,-0.0053574245896366,0.4840283182875704,0.0,0.0,9,236663.0,215106.99986780435,9853.399958707392,0.0458069703206444,,0.0458069703206444,0.6104883597883599,0.5607353848052219,30.13960767195767,29.52911931216931,0.8875891534391536,1.3852917989417983,0.0127057783617939,0.0255245570622166,0.0554487056218617
harveststat_africa_v1.2,Chad,HV1:TD:Logone Occidental,Logone Occidental,2002,2017,15,0.2096067774907499,0.2871951373864755,-0.0234158839533196,0.2019542576272772,0.0,0.0,11,423752.0,227448.40016636247,0.0,0.0,,0.0,0.5583208994708987,0.170341220693436,27.670245502645503,27.111924603174604,2.908690211640212,3.4041600529100537,0.0127057783617939,0.0,0.0288904285863847
harveststat_africa_v1.2,Chad,HV1:TD:Logone Oriental,Logone Oriental,2002,2017,15,0.2130470986961315,0.3535415355388792,-0.0630479191482729,0.2339075467929163,0.0,0.0,11,570835.0,223124.10002838075,359.5,0.00161121098059,,0.00161121098059,1.1608875661375653,0.4321134161628963,27.826208994709,26.66532142857143,2.820926190476192,4.039886243386244,0.0127057783617939,0.0013325952249727,0.0
harveststat_africa_v1.2,Chad,HV1:TD:Mandoul,Mandoul,2002,2017,15,0.1878128068549191,0.3197192427209732,-0.0243132014171885,0.210163835749033,0.0,0.0,11,467249.4437941791,78583.09988947958,0.0,0.0,,0.0,0.9576079365079332,0.2937830757815465,28.801721957671955,27.844114021164025,2.695079629629629,3.486848412698413,0.0127057783617939,0.0,0.0012443695945328
harveststat_africa_v1.2,Chad,HV1:TD:Mayo-Kebbi Est,Mayo-Kebbi Est,2002,2017,15,0.1529266133430589,0.2747053514685371,0.0395474843544079,0.2432119160024148,0.0,0.0,11,558382.1449814143,357105.6005157754,5137.200026035309,0.0143856607642544,,0.0143856607642544,0.1956685185185127,0.0741337819272596,28.390820370370363,28.19515185185185,2.9543222222222223,3.173337301587301,0.0127057783617939,0.0380549357240196,0.0
harveststat_africa_v1.2,Chad,HV1:TD:Mayo-Kebbi Ouest,Mayo-Kebbi Ouest,2002,2017,15,0.1807782192161378,0.3249053320711801,-0.0544686462477492,0.2899380248301242,0.0,0.0,11,374413.8550185857,232826.29967390743,0.0,0.0,,0.0,0.2064626984126941,0.1435594459123284,27.67851481481481,27.47205211640212,2.8153243386243387,3.219490740740741,0.0127057783617939,0.0,0.0653585765218244
harveststat_africa_v1.2,Chad,HV1:TD:Moyen-Chari,Moyen-Chari,2002,2017,15,0.1692303607321995,0.2005674385625591,-0.0300706240547257,0.2495712480336139,0.0,0.0,11,306044.556205821,287419.99937553704,4738.099926777184,0.0164849347194746,,0.0164849347194746,0.828659523809525,0.1817315955197052,28.92353703703704,28.09487751322752,2.7617462962962955,3.263642857142857,0.0127057783617939,0.0291283300303034,0.0
harveststat_africa_v1.2,Chad,HV1:TD:Ouaddai,Ouaddai,2002,2017,15,0.1826663571660877,0.3263184963658646,-0.0894433451948882,0.3746765821004564,0.0,0.0,6,570697.5805833418,304933.70041964203,6256.3000321909785,0.0205169190010196,,0.0205169190010196,1.0418584656084666,0.5023131786203952,27.91665343915344,26.87479497354497,1.5206748677248676,2.284529894179895,0.0127057783617939,0.0133193754439935,0.0268370363813078
harveststat_africa_v1.2,Chad,HV1:TD:Salamat,Salamat,2002,2017,15,0.1525512451521429,0.2006666057784404,-0.0914478703596238,0.6926809112025891,0.0,0.0,9,501741.0,262553.0003447011,0.0,0.0,,0.0,1.4007161375661326,0.9055448763796652,29.086744444444445,27.68602830687832,1.9252388888888885,3.6686291005291007,0.0127057783617939,0.0,0.0136898939145593
harveststat_africa_v1.2,Chad,HV1:TD:Sila,Sila,2002,2017,15,0.2608008203296235,0.365305250366244,-0.0501566360707704,0.2644349035775846,0.0,0.0,8,420482.4194166582,612964.399906233,293.8000078201294,0.0004793100673792,,0.0004793100673792,1.158216402116409,0.488459430541321,28.768448412698422,27.610232010582013,2.0437677248677244,3.042065343915344,0.0127057783617939,0.0012766184444134,0.0
harveststat_africa_v1.2,Chad,HV1:TD:Tandjile,Tandjile,2002,2017,15,0.2072320306040263,0.3552140814983086,0.0112954535248202,0.1830246859401183,0.0,0.0,11,628566.0,279672.69988197833,3017.100025177002,0.0107879676008785,,0.0107879676008785,0.6519484126984139,0.3040072842713794,28.671000264550266,28.01905185185185,2.518145767195768,3.283680423280422,0.0127057783617939,0.00943984871888,0.0046442412681765
harveststat_africa_v1.2,Chad,HV1:TD:Wadi Fira,Wadi Fira,2002,2017,15,0.0515712463812299,0.0568676645598996,-0.0357364363338676,0.521318209294305,0.0,0.0,5,320763.0,154054.59976816922,5.600000023841858,3.63507485804973e-05,,3.63507485804973e-05,0.7010087301587381,0.6656233888766263,28.54948862433863,27.84847989417989,0.7035044973544973,1.1717735449735451,0.0127057783617939,0.0004261004604363,0.0083352043508772
harveststat_africa_v1.2,Chad,HV1:TD:Batha,Batha,2002,2017,15,0.1345879453611192,0.3059807994693093,-0.0614514877000891,0.4486548732170991,0.0,0.0,8,719416.0,367967.6001216322,91.69999951124193,0.0002492067222248,,0.0002492067222248,0.895101322751331,0.7765292750953066,29.767043915343915,28.871942592592585,0.7782632275132274,1.3826074074074075,0.0127057783617939,0.0011443189881055,0.0062393676242908
harveststat_africa_v1.2,Chad,HV1:TD:Chari-Baguirmi,Chari-Baguirmi,2002,2017,15,0.209475478069412,0.28959987950341,-0.0326025886183919,0.2825767338681332,0.0,0.0,9,949989.3762233024,582496.000592038,1848.6000002920628,0.0031735840218871,,0.0031735840218871,0.5622058201058167,0.3763687052728632,29.155515873015872,28.593310052910056,1.92821164021164,2.653930158730159,0.0127057783617939,0.004640941124261,0.0011680915472107
harveststat_africa_v1.2,Chad,HV1:TD:Guera,Guera,2002,2017,15,0.1290393036571772,0.2046882320992236,-0.0883256265350281,0.4371206961485124,0.0,0.0,9,463470.0,273518.4997681603,187.0,0.0006836831883711,,0.0006836831883711,0.9795486772486848,0.4588077472802778,28.699582010582013,27.72003333333333,1.898123015873016,2.7689965608465616,0.0127057783617939,0.0006456711039952,0.005709972332663
harveststat_africa_v1.2,Chad,HV1:TD:Hadjer-Lamis,Hadjer-Lamis,2002,2017,15,0.1717061609335833,0.216296161207464,-0.028610555355281,0.2477491058112323,0.0,0.0,9,357909.62377669767,99270.89989426732,259.7999937236309,0.0026170810781441,,0.0026170810781441,0.9534835978835948,0.6778735455421552,29.63048148148148,28.67699788359789,1.3160142857142856,2.208105555555555,0.0127057783617939,0.0005095594413052,0.0005951100746126
harveststat_africa_v1.2,Chad,HV1:TD:Kanem,Kanem,2002,2017,15,0.1703899142424821,0.1017095952378297,0.0229608872880214,0.8794795346976716,0.0,0.0,3,27171.036656463955,18251.09988549352,29.799999594688416,0.0016327782863308,,0.0016327782863308,0.440919312169323,1.1687944848508427,28.86076666666668,28.41984735449735,0.3264888888888889,0.7080873015873017,0.0127057783617939,0.0057619812705178,0.0015382288501356
usda_census_qs,United States,US:12,Florida,2002,2022,20,0.1829373913310339,0.3660359832288995,-0.0027271248331542,0.2825101759130342,0.0037626265895155,0.4030488398328297,18,844084.0043138341,418550.6002750173,235078.69956462085,0.5616494144558807,1.0,0.5616494144558807,1.1257885674931123,0.1951031449831612,23.075624655647378,24.20141322314049,4.546376721763083,3.659364325068871,0.7417756888391046,0.6347964859786327,0.0083080212569575
usda_census_qs,United States,US:13,Georgia,2002,2022,20,0.0985808724956938,0.1621965719204076,-0.015984107750159,0.3314335897691473,0.0004820116381967,0.0004820116381967,16,2512012.874613798,1154284.0003938302,350558.10032477975,0.3037017754774153,0.2594540412696689,0.3037017754774153,0.6664242424242404,0.1054257313815525,19.73151515151516,20.3979393939394,3.4993822314049594,3.130457300275482,0.2359117131956238,0.2733045338417891,0.6591928610097302
usda_census_qs,United States,US:15,Hawaii,2002,2022,20,0.2184075161602598,0.3767580928065987,0.0716616150030311,0.3285472797626408,0.0015002143163309,0.0137162451778825,12,3776.526411144,18258.70018323511,5308.500007003546,0.2907381113513074,1.0,0.2907381113513074,0.2319063360881366,0.25307494755505,25.19951101928376,25.43141735537189,1.674982093663912,2.0988780991735543,0.7395432579288368,0.0,0.2740306496699763
usda_census_qs,United States,US:16,Idaho,2002,2022,20,0.0949280925420748,0.1077746208750025,-0.0010683005796909,0.3315482988357735,2.1948158073837183e-05,2.1948158073837183e-05,13,4296112.424048849,1111489.8999850005,482946.5000528693,0.4345037233891074,0.6229161377835658,0.4345037233891074,0.2063960055096407,0.093964538721756,5.440943526170802,5.647339531680442,1.044207300275482,1.142325757575758,,0.6059505368806821,0.0
usda_census_qs,United States,US:17,Illinois,2002,2022,20,0.0463660068904722,0.0397437622743478,0.0157553952997029,0.4001969903868508,2.695804781313361e-05,2.695804781313361e-05,16,9997780.233949026,8918536.300452746,181754.49997087568,0.0203794091146603,0.0298221987218566,0.0203794091146603,0.53701997245179,0.0021634686517202,14.002194214876038,14.539214187327827,2.9092527548209373,2.9155468319559232,,0.0149475286112975,0.6088131580904432
usda_census_qs,United States,US:18,Indiana,2002,2022,20,0.0486432547174073,0.0684907609845773,0.0243924484799907,0.3772435565332491,3.991878396320415e-05,3.991878396320415e-05,13,5413544.987422362,4649310.7004418,151685.20000413805,0.032625309379673,0.038983533202598,0.032625309379673,0.8790723140495852,0.200816133357445,13.276821625344352,14.155893939393936,3.3818677685950407,2.702734159779613,,0.0248873697934433,0.0144112078290518
usda_census_qs,United States,US:19,Iowa,2002,2022,20,0.0692467226864953,0.1197319522558723,0.0378219910076551,0.4013026450023602,1.0884559705906122e-05,1.0884559705906122e-05,14,10521880.515190383,9292558.10350775,67899.99999067932,0.0073069222957076,0.0073446931983001,0.0073069222957076,1.1067933884297465,0.187076707268232,12.44491666666667,13.551710055096414,2.4194786501377417,1.9668505509641865,,0.0059709968590392,0.0249244718159258
usda_census_qs,United States,US:20,Kansas,2002,2022,20,0.1411496811191031,0.2777160318095105,-0.0485427692227291,0.3139892286441001,2.9878301327484227e-06,2.9878301327484227e-06,14,13950800.170710277,7809758.404494703,1122302.6002891809,0.1437051624597335,0.1110863350051451,0.1437051624597335,0.6704876033057743,0.0483787905765874,16.02197589531681,16.692463498622583,2.1544428374655653,2.05021349862259,,0.1444319350820238,0.0055130161355637
usda_census_qs,United States,US:21,Kentucky,2002,2022,20,0.1522825523138254,0.3520430426466494,-0.1211310485326183,0.4278860720698317,6.63631803875903e-05,6.63631803875903e-05,12,3311238.2848832165,1244610.3018206507,21071.20003452152,0.0169299579183122,0.0093561084924338,0.0169299579183122,0.5333126721763118,0.1103461088316188,15.50451446280992,16.037827134986234,3.4624214876033053,3.080356749311296,,0.0048765217108917,0.1449188048585389
usda_census_qs,United States,US:22,Louisiana,2002,2022,20,0.2610211828353332,0.4469541764710186,0.0398746242794049,0.157746845989801,0.0001484590323588,0.0926217345507963,15,2180726.281560264,1197521.5995854512,419493.30007673055,0.3503012390105928,0.2955104875171934,0.3503012390105928,0.916502754820933,0.0206738199757758,20.88501239669422,21.80151515151515,4.029163911845728,3.945865702479337,,0.3054970563819403,0.006006777638754
usda_census_qs,United States,US:01,Alabama,2002,2022,20,0.156653812829059,0.2910856490614502,-0.0849290290940382,0.347501880457202,0.0001663060018945,0.0001663060018945,16,1408926.821934828,527760.5994420424,27419.10000532865,0.0519536699676266,0.0564730949058662,0.0519536699676266,0.5944559228650287,0.0681644467147828,18.953274793388424,19.54773071625345,3.9988168044077135,3.726239669421487,0.0364786195915933,0.0549949213227888,0.3113469050812585
usda_census_qs,United States,US:23,Maine,2002,2022,20,0.1808296572009176,0.1476422558520148,0.0461350670083712,0.5238060659768077,0.0466698181086412,0.0466698181086412,13,213165.329124006,45201.20006876439,427.20000283420086,0.0094510765684164,0.0705543310494871,0.0094510765684164,1.0731026170798854,0.277645627278982,7.131919421487606,8.20502203856749,2.7088333333333328,3.460929063360881,,0.0941033377812397,0.0625616931023555
usda_census_qs,United States,US:24,Maryland,2002,2022,20,0.0880775878802381,0.152872355650731,0.0178328538760957,0.2420535409342251,0.0003675286293992,0.0003675286293992,13,748747.7560858319,453090.60015791655,33972.29988531768,0.0749790436470702,0.0653119993773632,0.0749790436470702,1.1810165289256092,0.1811029544375608,15.045219008264468,16.226235537190078,3.4062782369146016,2.789391184573001,,0.0483772941429387,0.0885327150891581
usda_census_qs,United States,US:25,Massachusetts,2002,2022,20,0.2148295231658634,0.145448363596834,0.0327903615091996,0.6512143394439968,0.0726658492682545,0.0726658492682545,12,93076.888288716,10571.100022040308,741.5000010579824,0.0701440719993175,0.2052148279550256,0.0701440719993175,0.7994820936639051,0.289347909751287,11.011187327823697,11.8106694214876,2.8632231404958675,3.691690771349862,,0.2599918439885699,0.0485966417190736
usda_census_qs,United States,US:26,Michigan,2002,2022,20,0.0944088788695965,0.1859517141417368,0.0039852972422624,0.2570360434536647,0.0023665060662344,0.0023665060662344,14,3323150.6114411284,2197474.1017323285,168780.80009681731,0.0768067300378024,0.1007144210615021,0.0768067300378024,1.1961990358126735,0.0035621313400571,9.155440771349864,10.351639807162538,2.4678016528925606,2.459011019283747,,0.0684090102527889,0.2401024692171397
usda_census_qs,United States,US:27,Minnesota,2002,2022,20,0.1157103902100869,0.2464541490821308,0.0472861191278025,0.2535849267674126,3.878949733219355e-05,3.878949733219355e-05,15,9639968.520490602,7040629.900109045,169308.49992400408,0.0240473512066557,0.0347140393338097,0.0240473512066557,0.731683884297527,0.0882927953848637,8.385973140495864,9.11765702479339,2.276376033057851,2.0753884297520666,,0.0315199830184226,0.0688299853902718
usda_census_qs,United States,US:28,Mississippi,2002,2022,20,0.2858159911999154,0.6136266718149327,0.0577954785226204,0.2575649704944601,0.0001548109360012,0.0001548109360012,14,3097665.4373177164,1439787.2979821565,617416.5996789485,0.4288248691624451,0.2291018953822967,0.4288248691624451,0.648057162534436,0.0622039416523545,19.16527685950413,19.813334022038568,4.145665289256197,3.8877885674931134,,0.3272082764626031,0.0317769654027539
usda_census_qs,United States,US:29,Missouri,2002,2022,20,0.124088570125375,0.25554946164332,-0.0034938343480692,0.2742837883994601,3.340227779921788e-05,3.340227779921788e-05,17,8226431.51972211,3782218.796552628,455672.4997223541,0.1204775620431279,0.0791526250427059,0.1204775620431279,0.7479876033057787,0.104716878539479,15.358169421487606,16.106157024793387,3.084185261707989,2.761219008264462,,0.1109327127836144,0.3189402465662365
usda_census_qs,United States,US:30,Montana,2002,2022,20,0.112729529951397,0.0653854200656048,-0.0131836113893795,0.4388608830200167,4.37664137394942e-06,4.37664137394942e-06,15,7582120.582581576,2503910.5995762125,167821.69999616593,0.0670238386404729,0.2106086264241964,0.0670238386404729,0.3730075757575742,0.215029640126944,8.232652203856746,8.60565977961432,1.207668732782369,1.4673533057851245,,0.0847530511717714,0.1012105060867462
usda_census_qs,United States,US:31,Nebraska,2002,2022,20,0.1024793687636836,0.201720153171214,0.0413841366288009,0.2876413565812694,1.4612480665861516e-06,1.4612480665861516e-06,14,12185588.918929933,6512465.498230062,3220857.0968496427,0.4945680092623903,0.5006924655326451,0.4945680092623903,0.2989345730027485,0.0575906820220142,13.374309228650135,13.673243801652886,1.525059228650138,1.6128884297520665,,0.4654517900335128,0.0830982336863699
usda_census_qs,United States,US:32,Nevada,2002,2022,20,0.0871380044893759,0.0437630263586046,-0.0393091729696818,0.9875958907364516,1.9897329778343747e-06,1.9897329778343747e-06,10,813547.6398254399,7849.399995073676,5785.299997270107,0.7370372258900032,0.723805662780055,0.7370372258900032,0.1282768595041313,0.286009386625391,11.392704545454547,11.264427685950416,0.5944511019283746,0.7644696969696967,,1.0,0.4628789908429327
usda_census_qs,United States,US:02,Alaska,2002,2022,20,0.136147672863592,0.2101605235066084,-0.1437224324285326,0.7692990209970573,0.00060442881477,0.00060442881477,8,14729.747997516,1318706.1003242582,2916.5999973863363,0.0022117134338494,0.1249519204351887,0.0022117134338494,0.2734655647382927,0.0231856286040348,-0.3080716253443522,-0.5815371900826449,2.144181129476585,2.094466942148761,0.1086313263875753,,1.0
usda_census_qs,United States,US:34,New Jersey,2002,2022,20,0.1312821824272873,0.1535708317098517,0.0009043935492994,0.3092190047741963,0.0199151417807817,0.0199151417807817,13,234823.699998204,96765.30009683968,15370.700016975405,0.158845164553749,0.3293719044155915,0.158845164553749,0.7508126721763155,0.0904284493153726,14.291193526170794,15.04200619834711,3.080186639118457,3.3587231404958686,,0.0550097188536334,0.0619950051546038
usda_census_qs,United States,US:35,New Mexico,2002,2022,20,0.1583914046304031,0.2927458095660817,0.1155911614442841,0.3380408440932785,3.561495698684513e-05,3.561495698684513e-05,15,874935.6189173461,151948.8000669703,63272.10000883043,0.4164040780904076,0.7834855757111543,0.4164040780904076,0.2952506887052302,0.1106675405842234,14.65069077134986,14.945941460055092,0.7870158402203855,0.8741129476584018,,0.6712725973367013,0.0561755063327023
usda_census_qs,United States,US:36,New York,2002,2022,20,0.1594715585069842,0.3119598410223886,-0.1338581915245586,0.5299475119670944,0.0007536069794714,0.0007536069794714,15,2108792.1946378383,506330.2002378553,9348.300019033251,0.0184628529260979,0.0251317468886125,0.0184628529260979,0.66290289256198,0.1590471013030756,9.97373829201102,10.636641184572998,3.106340220385676,3.600394628099174,,0.0223256925053735,0.6532330129707029
usda_census_qs,United States,US:37,North Carolina,2002,2022,20,0.1494695118477888,0.3018612064197158,-0.0120611279648831,0.2096751664625517,0.0002779397872718,0.0002779397872718,17,2855253.47684637,1559616.401476048,41802.00003014505,0.0268027445662811,0.0720042633497201,0.0268027445662811,0.7437940771350058,0.0821431076925328,17.640077134986214,18.383871212121218,3.2887155647382915,3.0185702479338854,,0.0274743693996244,0.0219352318042761
usda_census_qs,United States,US:38,North Dakota,2002,2022,20,0.1987686678801785,0.3676646433674169,-0.0562312864143004,0.2954489802646667,8.087933003047035e-07,8.087933003047035e-07,15,13009290.121513152,6808594.197771244,52821.40009339899,0.0077580479257656,0.0106169674382305,0.0077580479257656,0.6730936639118426,0.1205940349694152,9.078983471074382,9.752077134986225,1.333829889807162,1.4946818181818182,,0.0111038351612814,0.0277592667661171
usda_census_qs,United States,US:39,Ohio,2002,2022,20,0.0924186484087896,0.1931272590121345,0.0391352743473739,0.2843285299627452,0.000161647432255,0.000161647432255,14,4956945.86658096,3539979.1002776176,10421.399993248284,0.0029439156836917,0.006018427807277,0.0029439156836917,0.5857327823691517,0.024618920506386,12.646544765840218,13.23227754820937,2.559650826446281,2.622666666666668,,0.0007976388857104,0.0111765104569173
usda_census_qs,United States,US:40,Oklahoma,2002,2022,20,0.0861578531762135,0.1318256790690049,-0.0332056343580727,0.4142785617534902,1.2279688989442997e-05,1.2279688989442997e-05,16,6195670.001203428,1976865.3995296508,150550.50006141514,0.0761561713292342,0.0650917573632738,0.0761561713292342,0.7682011019283705,0.1636563049287738,18.27592630853995,19.044127410468324,2.2423698347107446,2.60934779614325,,0.0771005345821007,0.000903560313125
usda_census_qs,United States,US:41,Oregon,2002,2022,20,0.0799225173181182,0.1057951789328478,-0.0180263686569277,0.4860258288029954,0.0038997472100622,0.0038997472100622,14,2520421.028197632,548316.7997268513,109918.0999661684,0.2004645854749025,0.618802600345274,0.2004645854749025,0.6436418732782297,0.0425975932336827,10.251145316804411,10.894787190082642,0.7488071625344354,0.7169097796143253,,0.2188030981775265,0.0701448979918808
usda_census_qs,United States,US:42,Pennsylvania,2002,2022,20,0.1328338671402248,0.2492217561926162,-0.096444577809691,0.4441877486785345,0.0005581059667389,0.0005581059667389,14,2381971.190413518,730433.4001326263,6135.800008423626,0.0084002182913726,0.0134436429351854,0.0084002182913726,0.6748519283746607,0.0193958915839058,11.563834022038568,12.23868595041323,2.9454421487603297,3.002571625344352,,0.00530735360297,0.2295488273578297
usda_census_qs,United States,US:04,Arizona,2002,2022,20,0.1894009398774977,0.3733022636065612,0.0744047738535718,0.3413901989503932,6.369825313161222e-06,6.369825313161222e-06,13,1080038.395995786,202059.70011164248,151018.20011411607,0.7473939634210838,0.7015148568681517,0.7473939634210838,0.1299483471074335,0.2925069160767206,18.41397245179064,18.54392079889807,0.8942314049586776,1.1558002754820935,0.93365077939327,0.9993233985088152,0.0058963506251662
usda_census_qs,United States,US:44,Rhode Island,2002,2022,20,0.1301362238113889,0.1377785558019018,-0.0783982472276699,0.6546451108184285,0.0092336103416435,0.0092336103416435,8,7888.941905148,654.4999982044101,100.69999973475932,0.1538579068159282,0.2625423207140659,0.1538579068159282,1.1022307162534395,0.2117955197073713,12.561115013774106,13.663345730027546,2.849823691460056,3.4534035812672177,,0.0,0.9970920593885716
usda_census_qs,United States,US:45,South Carolina,2002,2022,20,0.1659263221888238,0.3207224929909506,-0.0250274963513239,0.2291504564257223,0.0002816170339652,0.0002816170339652,16,879448.268511288,527151.3999073058,35604.79998552799,0.0675418864329844,0.0782720494173472,0.0675418864329844,0.4033023415977988,0.0197263964700515,19.66541873278236,20.06872107438016,3.05110606060606,3.111293388429752,,0.0428194732864406,0.0158299413677999
usda_census_qs,United States,US:46,South Dakota,2002,2022,20,0.1182063372334672,0.2504807631079999,-0.0304229748205156,0.2637900166319623,9.608197916740414e-07,9.608197916740414e-07,15,8002569.539708761,5072846.098320954,106276.20016197117,0.0209500146667463,0.0335842927203235,0.0209500146667463,0.2692623966942138,0.2648522622609748,12.34305578512397,12.612318181818184,1.3227734159779618,1.6731129476584023,,0.0195646480454697,0.0429839473141873
usda_census_qs,United States,US:47,Tennessee,2002,2022,20,0.1439045541468784,0.3223307287704171,-0.0737767987262721,0.3452760871834989,7.237879780162182e-05,7.237879780162182e-05,17,3008075.320520472,1110816.6002679467,31618.50005663932,0.0284641947635752,0.0141392923237038,0.0284641947635752,0.5077658402203827,0.0449817890229591,16.77735950413223,17.285125344352615,3.6691157024793375,3.83415909090909,,0.0119803714294024,0.0207606499314757
usda_census_qs,United States,US:48,Texas,2002,2022,20,0.1407914669760067,0.3056657177793079,0.0051000914235159,0.2511014124079146,3.78663151745428e-05,0.0022634223184496,18,14897984.721979523,4466164.800298728,1374845.1005396694,0.3078357297625269,0.2741096105414172,0.3078357297625269,1.2632017906336186,0.1550063987900723,20.85555234159779,22.11875413223141,1.9863216253443527,1.6784290633608818,,0.3271203887015877,0.0180365746185624
usda_census_qs,United States,US:49,Utah,2002,2022,20,0.0595881141470466,0.042846063415914,-0.002065376020756,0.7263848346288476,3.14279245447601e-05,3.14279245447601e-05,13,1261909.384423932,97824.90034351498,42259.90011289716,0.4319953300693411,0.708180817036244,0.4319953300693411,0.0652417355371917,0.119502742528182,12.600858815426996,12.666100550964188,0.980751377410468,0.863548898071625,,0.4981109424185511,0.3282391715441002
usda_census_qs,United States,US:50,Vermont,2002,2022,20,0.1019420773155068,0.1307557886527845,-0.0807527862464196,0.6834176461648023,0.0012644041495445,0.0012644041495445,12,211239.83483937,1303.0999979376793,126.50000094622374,0.0970762037805433,0.0089351226567813,0.0970762037805433,1.156192148760323,0.0787290983954935,7.716516528925624,8.872708677685948,2.884267217630854,3.11134297520661,,0.052631582799931,0.5192899925272509
usda_census_qs,United States,US:51,Virginia,2002,2022,20,0.1021668038536125,0.1921947699470677,-0.0752139953007264,0.4365814828556327,0.0001771707263084,0.0001771707263084,16,1813620.152962026,523550.69961093366,17667.600012131035,0.0337457289719226,0.0398270420990223,0.0337457289719226,0.9585199724517988,0.1695894564393473,15.464763085399449,16.423283057851247,3.3799173553719,2.806719008264462,,0.0240257647040551,0.0114795787468001
usda_census_qs,United States,US:53,Washington,2002,2022,20,0.1317952614204742,0.1414740803738612,0.0287832014674689,0.3948771693143769,0.0029839853946659,0.0029839853946659,14,3700911.708307584,1442156.397040218,187330.0999568552,0.1298958284561359,0.4023401688676142,0.1298958284561359,0.7463030303030316,0.0599006326144702,7.709600550964186,8.455903581267219,1.7205261707988984,1.6174655647382925,,0.1658864912751609,0.0242028172839221
usda_census_qs,United States,US:54,West Virginia,2002,2022,20,0.0498502565245157,0.0283327736423435,-0.0147587656838596,0.8703807258966587,0.0002209904359327,0.0002209904359327,13,487108.776077424,23302.600040748715,32.4000001847744,0.0013904027931697,0.0033273184056786,0.0013904027931697,0.9135564738292008,0.1643037119855848,12.84114393939394,13.75470041322314,3.5653250688705227,2.9795289256198347,,8.640652673695502e-06,0.1634427840663622
usda_census_qs,United States,US:05,Arkansas,2002,2022,20,0.2282911750174784,0.3781605645167274,0.0461271205336094,0.202139270211372,5.11005396566393e-05,5.11005396566393e-05,15,6485989.052660377,2466798.19875063,1849337.5990467668,0.7496914826609687,0.4268486727711117,0.7496914826609687,0.670468319559239,0.1176563515223394,18.31499035812671,18.98545867768595,3.2042761707988983,3.581279614325069,0.4962854483942135,0.6111083833196079,0.0055273043111381
usda_census_qs,United States,US:55,Wisconsin,2002,2022,20,0.1540562613250606,0.3241355948182349,-0.0184090855414229,0.3311605183263977,0.0014579824771934,0.0014579824771934,16,4373877.221701211,2267270.4993863776,125012.90008673072,0.0551380614357945,0.060801514717777,0.0551380614357945,0.6093987603305764,0.0263496749305873,9.407918044077135,10.017316804407711,2.5737245179063355,2.6415413223140503,,0.0818431530547569,0.5898437871256476
usda_census_qs,United States,US:56,Wyoming,2002,2022,20,0.0718646037978805,0.0702790195118346,0.044514475991442,0.7414887516909004,1.0053878736147012e-06,1.0053878736147012e-06,14,1610067.726578088,137393.0002407953,80510.30001807958,0.5859854568790043,0.7764175717670999,0.5859854568790043,0.3618705234159824,0.6586525790871698,9.393358126721768,9.031487603305784,0.6977210743801653,1.1572768595041325,,0.5721539352796889,0.0801257167991208
usda_census_qs,United States,US:06,California,2002,2022,20,0.2429477952225829,0.4644123125323043,0.2267537553052169,0.341623747228635,0.0023637599238141,0.0023637599238141,17,6231833.11485819,2261692.800753206,1455145.3004798964,0.6433876873089452,1.0,0.6433876873089452,0.3897568870523416,0.1887062450298768,16.46746969696969,16.857226584022033,1.0106880165289258,1.2014111570247936,0.9174569313158422,0.954508469970787,0.5811052270337379
usda_census_qs,United States,US:08,Colorado,2002,2022,20,0.1319672074844391,0.1340020737790198,-0.0201696675718686,0.3193700335516387,3.285065455955793e-06,3.285065455955793e-06,15,3942064.691746668,1735582.3007937968,429332.6001214236,0.2473709255533784,0.5324338618798335,0.2473709255533784,0.0611260330578512,0.3354170253055604,6.978488980716251,6.9173629476584,1.024176308539945,1.3677024793388428,0.3931982979258031,0.3555170563635034,0.9549764953088886
usda_census_qs,United States,US:09,Connecticut,2002,2022,20,0.0867980090369082,0.0324904650041785,-0.0102138439057376,0.6618146532548006,0.0045211210580772,0.0045211210580772,12,71966.057088144,3577.4999944642186,878.8999983295798,0.2456743535121116,0.1063925502721669,0.2456743535121116,0.8101122589531645,0.2836254198792067,12.55980096418733,13.369913223140491,2.8415213498622585,3.647449035812672,,0.073170735253102,0.3523792526916766
usda_census_qs,United States,US:10,Delaware,2002,2022,20,0.138186720517875,0.1771721497157323,0.053502884991813,0.2697405587913377,0.0002512516622442,0.0002512516622442,12,264151.268473944,181052.09968548268,45081.000019192696,0.2489946269471926,0.1502239816647567,0.2489946269471926,1.082382920110203,0.1274064407334697,15.218017217630848,16.30040013774105,3.402864325068872,2.9693174931129462,0.1665923590812932,0.1699849288343661,0.0725750191867396
harveststat_africa_v1.2,South Africa,HV1:ZA:Eastern Cape,Eastern Cape,2002,2019,17,0.2065772859424839,0.1731135745374353,0.0140735441978288,0.6438745544813417,0.0,0.0,6,51090.0,62440.5000564903,19507.90003784001,0.3124238278071298,,0.3124238278071298,0.5942071428571467,0.2604301767458068,16.675533333333334,17.26974047619048,2.4238468253968253,1.7926039682539674,0.2239235044694986,0.1199375242188164,0.1589538785505568
harveststat_africa_v1.2,South Africa,HV1:ZA:Free State,Free State,2002,2019,17,0.3362571588753462,0.4299663182483574,0.0395988831903659,0.4027839246898178,0.0,0.0,8,5561950.0,1626390.400652073,34835.599924862385,0.0214189655269089,,0.0214189655269089,0.290269841269847,0.055370273006207,19.074938095238096,19.365207936507943,1.92160873015873,1.8152087301587303,0.2239235044694986,0.089214569571668,0.1038301746359792
harveststat_africa_v1.2,South Africa,HV1:ZA:Gauteng,Gauteng,2002,2019,17,0.3025113913771737,0.4267381340283432,-0.1353220102392923,0.7082931016620356,0.0,0.0,7,463826.0,283869.9999354258,7667.100011520088,0.0270091943962524,,0.0270091943962524,0.1669698412698409,0.2921768545221936,18.970780952380952,18.80381111111111,1.8300396825396823,2.3647349206349206,0.2239235044694986,0.0649836339495993,0.081880106537676
harveststat_africa_v1.2,South Africa,HV1:ZA:Kwazulu-Natal,Kwazulu-Natal,2002,2019,17,0.1087496042763071,0.1754489870013363,-0.0514951569977006,0.607297066881875,0.0,0.0,7,324320.0,519202.1996808648,78269.30009550601,0.1507491689049379,,0.1507491689049379,0.5539190476190499,0.0940783911100373,19.0215507936508,19.575469841269843,2.575688888888889,2.333372222222222,0.2239235044694986,0.2212864194824489,0.085180898847194
harveststat_africa_v1.2,South Africa,HV1:ZA:Limpopo,Limpopo,2002,2019,17,0.2220048667509337,0.457873598827489,-0.0373518950180529,0.2942943642241326,0.0,0.0,7,339372.0,363660.7001930401,110456.09991339594,0.3037339472061818,,0.3037339472061818,0.3374349206349194,0.52235071342503,20.33554920634921,19.99811428571429,1.358803968253968,2.06857619047619,0.2239235044694986,0.1402358659597786,0.2226610050654415
harveststat_africa_v1.2,South Africa,HV1:ZA:Mpumalanga,Mpumalanga,2002,2019,17,0.3020666387609516,0.514681654227353,-0.1197933150755896,0.6379565926981619,0.0,0.0,6,2100018.0,745007.8992924467,41297.69997095317,0.0554325665676493,,0.0554325665676493,0.0149841269841203,0.2000316924141381,17.142349999999997,17.127365873015876,2.0234174603174604,2.428165079365079,0.2239235044694986,0.0503225562238711,0.143960926245759
harveststat_africa_v1.2,South Africa,HV1:ZA:North West,North West,2002,2019,17,0.1596637305509144,0.1892573555211758,-0.1125498817995498,0.6237145271057184,0.0,0.0,7,4180761.0,867657.4996185973,60188.00026351959,0.0693683859010921,,0.0693683859010921,0.3279999999999973,0.086630066960589,20.464369047619044,20.79236904761904,1.7779944444444449,1.932022222222222,0.2239235044694986,0.0709533467601526,0.0577231771645202
harveststat_africa_v1.2,South Africa,HV1:ZA:Northern Cape,Northern Cape,2002,2019,17,0.164213239447227,0.1530887455784504,0.032323587336185,0.3760654154163074,0.0,0.0,7,354170.0,263321.99993590266,133592.69999394566,0.5073358854424034,,0.5073358854424034,0.2334087301587288,0.0489573157333205,22.32285714285715,22.55626587301588,0.5995666666666666,0.570213492063492,0.2239235044694986,0.1420474607709469,0.0744390462611122
harveststat_africa_v1.2,South Africa,HV1:ZA:Western Cape,Western Cape,2002,2019,17,0.2055321045297927,0.361305955169718,-0.2028453765899656,0.6225696222311251,0.0,0.0,7,1340470.0,567888.9998196363,65675.39997314662,0.1156483044996563,,0.1156483044996563,0.2280103174603169,0.3569436170833326,17.815436507936504,18.04344682539682,0.8979698412698414,0.5774452380952381,0.2239235044694986,0.1603477976606,0.1797531022838524
harveststat_africa_v1.2,Zambia,HV1:ZM:Western,Western,2002,2016,14,0.1527681336978804,0.2617832232639756,0.0996421212671075,0.4425963937022537,0.0,0.0,11,244618.62071429,162775.8999819681,1524.899994134903,0.0093680943819314,,0.0093680943819314,0.7397172619047694,0.5061536602480079,23.671602777777785,22.931885515873017,2.328301984126983,3.506780555555556,0.0491691123980502,0.0049064433519727,0.1574931473721179
harveststat_africa_v1.2,Zambia,HV1:ZM:Central,Central,2002,2016,14,0.264238048647056,0.3901271690882034,-0.1306772672970178,0.5690298744470546,0.0,0.0,14,439669.31091897486,365465.2003982067,25102.5000673458,0.0686864304453458,,0.0686864304453458,0.0206313492063486,0.278720961673379,21.58193253968254,21.602563888888888,3.066546230158729,3.921256944444445,0.0491691123980502,0.0479699764322607,0.0052079825993016
harveststat_africa_v1.2,Zambia,HV1:ZM:Copperbelt,Copperbelt,2002,2016,14,0.225892311223151,0.2828746021082617,-0.0398288239703236,0.5829227682744944,0.0,0.0,14,209209.5384810252,130501.10019984096,4405.499978870153,0.0337583359230217,,0.0337583359230217,0.2774261904761886,0.0609109826477867,21.169465277777785,21.44689146825397,3.77762757936508,4.007726587301588,0.0491691123980502,0.0615505713124347,0.0469620224490679
harveststat_africa_v1.2,Zambia,HV1:ZM:Eastern,Eastern,2002,2016,14,0.2549200657569195,0.3926008352049973,-0.2152089651168654,0.6514324447931638,0.0,0.0,13,641131.683,461414.0997824594,5163.899983823299,0.0111914655106072,,0.0111914655106072,0.0071708333333305,0.1591745646485691,24.655360515873017,24.662531349206347,2.8278103174603166,3.2779257936507946,0.0491691123980502,0.0120512273260586,0.0634887883802404
harveststat_africa_v1.2,Zambia,HV1:ZM:Luapula,Luapula,2002,2016,14,0.31468502440508,0.5017530897774268,0.2484315267889558,0.4272204816141064,0.0,0.0,11,53698.09,125952.29998216778,3889.89997818321,0.0308839138208189,,0.0308839138208189,0.3166938492063479,0.4560557402195535,21.43572876984128,21.119034920634924,3.29815138888889,4.802292261904761,0.0491691123980502,0.0154914620006479,0.011872402448186
harveststat_africa_v1.2,Zambia,HV1:ZM:Lusaka,Lusaka,2002,2016,14,0.1884901361917905,0.3339013767105291,-0.2089848206139212,0.7188604000924982,0.0,0.0,13,114013.41714286,97181.79984495787,12800.300028681757,0.1317149924070466,,0.1317149924070466,0.1683759920634799,0.0738430712540065,23.309522420634927,23.47789841269841,2.7380109126984125,2.9401940476190487,0.0491691123980502,0.2230050944432037,0.0201079248312563
harveststat_africa_v1.2,Zambia,HV1:ZM:Muchinga,Muchinga,2002,2016,14,0.3090291845714916,0.5770017934956316,0.1815306576166397,0.3577903291329624,0.0,0.0,12,135822.13000001002,170634.99985913187,6354.599974252284,0.0372408941864115,,0.0372408941864115,0.1553791666666626,0.3885163785066634,20.255040674603173,20.09966150793651,3.3354301587301585,4.631299404761905,0.0491691123980502,0.0323594814915337,0.2236573270676307
harveststat_africa_v1.2,Zambia,HV1:ZM:North-Western,North-Western,2002,2016,14,0.2589463965752895,0.4063161007655195,0.2816277215477505,0.5647144095242955,0.0,0.0,13,95570.18,105566.79999154806,0.0,0.0,,0.0,0.1174551587301522,0.3715323552176182,22.24251785714286,22.12506269841271,3.2136079365079366,4.407567261904761,0.0491691123980502,0.0041181390177657,0.033315698925735
harveststat_africa_v1.2,Zambia,HV1:ZM:Northern,Northern,2002,2016,14,0.3021447289368316,0.5872836305419683,0.2179539615413139,0.3395534542503304,0.0,0.0,11,171940.10142857,197276.4999557137,8024.999937467277,0.0406789452330551,,0.0406789452330551,0.2338001984127061,0.2682923169637963,20.42732619047619,20.193525992063485,2.9753009920634925,3.773551388888888,0.0491691123980502,0.0081770981829982,0.0041930479438055
harveststat_africa_v1.2,Zambia,HV1:ZM:Southern,Southern,2002,2016,14,0.1717915369494531,0.2411639101702086,-0.1481595543226953,0.7090918543082358,0.0,0.0,14,483372.10742856,313079.3004345447,5927.300000913441,0.0189322641026938,,0.0189322641026938,0.3544313492063338,0.4736769802253957,21.18288154761904,20.828450198412703,2.0899121031746044,3.079855357142857,0.0491691123980502,0.0878730316801204,0.0099840928550476
harveststat_africa_v1.2,"Tanzania, United Republic of",HV1:TZ:Arusha,Arusha,2002,2015,13,0.2482872861739057,0.3157293997963669,-0.1316216882324846,0.6743967921457635,0.0,0.0347743440004703,14,204116.0,310745.4993933737,4828.699992723763,0.0155390826324119,,0.0155390826324119,0.4416107142857186,0.8571984640828947,17.39118333333333,16.94957261904761,2.101117857142857,3.902192857142857,0.0386813787888519,0.0279521127584043,0.0825423518334836
harveststat_africa_v1.2,"Tanzania, United Republic of",HV1:TZ:Dar es Salaam,Dar es Salaam,2002,2015,13,0.3240899685757784,0.6119036152097851,0.0751858154126122,0.1909210379162436,0.0,0.0525185217658147,10,68433.0,40636.89994236827,238.8000030517578,0.0058764325868958,,0.0058764325868958,0.1254357142857145,0.820459819241905,27.1441386904762,27.01870297619048,2.2032208333333334,4.010875,0.0386813787888519,0.0,0.0132771326770509
harveststat_africa_v1.2,"Tanzania, United Republic of",HV1:TZ:Dodoma,Dodoma,2002,2015,13,0.3431741172998841,0.5624074600616938,-0.0346240433858509,0.2627824034880028,0.0,0.0014052070728756,12,1229712.0,674760.1999922916,2719.200002193451,0.0040298760985376,,0.0040298760985376,0.1719874999999859,0.3053914027468041,22.9741244047619,22.802136904761912,2.0704148809523804,2.702701785714285,0.0386813787888519,0.0037721080995832,0.0
harveststat_africa_v1.2,"Tanzania, United Republic of",HV1:TZ:Geita,Geita,2002,2015,13,0.2724741524079702,0.4385913453043216,0.1116070056825556,0.2140812468133483,0.0,0.0637817639455141,16,643602.5748313826,555826.2003321573,3193.499993294477,0.0057455010062247,,0.0057455010062247,0.3356345238095457,0.2924192462437267,23.39527738095239,23.059642857142844,2.036909523809523,2.632541071428572,0.0386813787888519,0.0003920229682714,0.0034812578117973
harveststat_africa_v1.2,"Tanzania, United Republic of",HV1:TZ:Iringa,Iringa,2002,2015,13,0.2178455373939043,0.19421441368951,0.0247293236404632,0.6403438585159582,0.0,0.0106193007604616,13,421402.5104799344,618961.9997133091,2955.1999933719635,0.0047744449493519,,0.0047744449493519,0.2756095238095241,1.0338339344392486,17.396054166666662,17.120444642857137,3.1780047619047616,6.463533928571428,0.0386813787888519,0.0091170477362329,0.0004122901173231
harveststat_africa_v1.2,"Tanzania, United Republic of",HV1:TZ:Kagera,Kagera,2002,2015,13,0.3025719876084596,0.5897228209898793,0.0915807890273819,0.2528349461556892,0.0,0.3569646124273374,15,580574.962710212,767248.9978914782,2206.5000208988786,0.0028758591108788,,0.0028758591108788,0.0238160714285555,0.142181983180099,21.78196130952381,21.80577738095237,2.5082250000000004,2.8648494047619044,0.0386813787888519,3.260845467512217e-05,0.0087374928548141
harveststat_africa_v1.2,"Tanzania, United Republic of",HV1:TZ:Katavi,Katavi,2002,2015,13,0.3059721546813566,0.4262488357488417,0.0554635115069062,0.3169036447501446,0.0,0.0035246024373265,13,253925.9301308801,321780.3993206546,0.0,0.0,,0.0,0.6407244047619031,0.1789094338595158,23.644508333333327,23.003783928571423,2.470287499999999,2.9122452380952377,0.0386813787888519,0.0092859190495799,0.0029293241486664
harveststat_africa_v1.2,"Tanzania, United Republic of",HV1:TZ:Kigoma,Kigoma,2002,2015,13,0.318507032031238,0.6410812135595756,0.215164072812605,0.3168042990656025,0.0,0.0873270962525738,13,502158.0,840629.0996517166,6105.900010585785,0.007263488752787,,0.007263488752787,0.4634958333333287,0.0815725569527334,23.426939880952386,22.963444047619053,2.607582142857141,2.8202892857142867,0.0386813787888519,0.0053921213198528,0.0103578574766784
harveststat_africa_v1.2,"Tanzania, United Republic of",HV1:TZ:Kilimanjaro,Kilimanjaro,2002,2015,13,0.3543328738357715,0.572878051482429,-0.0379854845694557,0.3758060235209349,0.0,0.3520001981347812,16,363389.0,532077.7990258187,18412.10003978014,0.0346041501327265,,0.0346041501327265,0.0071547619047521,0.2891684477367364,23.62949642857141,23.622341666666664,1.5445726190476194,1.9912142857142847,0.0386813787888519,0.0829429981031268,0.0267817510808669
harveststat_africa_v1.2,"Tanzania, United Republic of",HV1:TZ:Lindi,Lindi,2002,2015,13,0.3582433368264071,0.6640592440606238,0.1339629514844101,0.2013877929689773,0.0,0.0009299825521622,13,468826.0,451598.70005271584,0.0,0.0,,0.0,0.4922071428571428,0.6548801182343724,25.03096369047619,24.538756547619048,2.83456369047619,4.690863095238097,0.0386813787888519,0.0042447850679694,0.0794901832257348
harveststat_africa_v1.2,"Tanzania, United Republic of",HV1:TZ:Manyara,Manyara,2002,2015,13,0.3040227059547736,0.4863175680210096,-0.2155539005396078,0.6498556831613087,0.0,0.0039674266689409,14,474867.0,424438.1004485786,5329.300049185753,0.0125561301955534,,0.0125561301955534,0.0057690476190487,0.3562844754797605,22.557700000000004,22.55193095238096,1.6905130952380951,2.292816666666666,0.0386813787888519,0.0309137615783701,0.0036244631824953
harveststat_africa_v1.2,"Tanzania, United Republic of",HV1:TZ:Mara,Mara,2002,2015,13,0.2975914305468725,0.5846662010818049,0.1117797448213415,0.2629804806575861,0.0,0.0137709663320651,15,558276.0,399005.6990852207,2335.900022506714,0.0058543024018506,,0.0058543024018506,0.6255434523809555,0.2548382378985285,22.58851666666667,23.214060119047627,3.20306130952381,2.386798809523809,0.0386813787888519,0.0001520119162691,0.0437087736404255
harveststat_africa_v1.2,"Tanzania, United Republic of",HV1:TZ:Mbeya,Mbeya,2002,2015,13,0.2128905634156094,0.3168972779156567,-0.0301157704727898,0.3446068751819197,0.0,0.0883787222998936,16,955592.0,853198.8997391313,13675.900013625622,0.0160289705223566,,0.0160289705223566,0.512236904761906,0.2647345276193784,21.619132738095235,21.10689583333333,2.654903571428572,3.357748214285715,0.0386813787888519,0.0314052132942537,0.0009755197484964
harveststat_africa_v1.2,"Tanzania, United Republic of",HV1:TZ:Morogoro,Morogoro,2002,2015,13,0.3238326574610332,0.4176417602693974,-0.0731991665725967,0.3423051003878616,0.0,0.0216488525748564,18,750894.3,480134.4996804223,14679.399907909334,0.0305735162078125,,0.0305735162078125,0.2353851190476234,0.4573992947521261,25.03544047619048,24.80005535714286,2.869642857142858,4.182215476190477,0.0386813787888519,0.0195703743086343,0.0296925089998446
harveststat_africa_v1.2,"Tanzania, United Republic of",HV1:TZ:Mtwara,Mtwara,2002,2015,13,0.3989064070970353,0.7874480365319154,-0.1535795982097092,0.3485183034667746,0.0,0.0005989171256801,15,746347.0,665103.0002599955,0.0,0.0,,0.0,0.2847678571428617,0.8183369171150676,24.91108452380953,24.626316666666675,3.126408333333333,5.68486369047619,0.0386813787888519,0.002790129421073,0.0203202288976529
harveststat_africa_v1.2,"Tanzania, United Republic of",HV1:TZ:Mwanza,Mwanza,2002,2015,13,0.2394772977909043,0.4797220670339142,0.0848481118623947,0.2210309942395869,0.0,0.0046955061929161,12,783339.6011833706,433857.6000351384,9675.3999915421,0.0223008655161474,,0.0223008655161474,0.0359696428571282,0.075222052437299,24.070557142857144,24.10652678571428,2.6613190476190485,2.461129166666665,0.0386813787888519,0.0005424518301446,0.0043498712608618
harveststat_africa_v1.2,"Tanzania, United Republic of",HV1:TZ:Njombe,Njombe,2002,2015,13,0.2131490439879704,0.2081571244319173,0.0910462758748071,0.5316960791592847,0.0,0.0129090328186138,13,346656.48952006566,397343.0997143686,3758.4000128284097,0.0094588279387012,,0.0094588279387012,0.0135910714285785,1.0318425572243497,17.745727976190466,17.759319047619044,3.544840476190476,7.202557738095239,0.0386813787888519,0.0025438857142445,0.0005233075142815
harveststat_africa_v1.2,"Tanzania, United Republic of",HV1:TZ:Pemba North,Pemba North,2007,2015,8,0.6056935709754425,1.1270005523051352,-0.2017044131092429,0.4095415840658616,0.0,0.2172924668809281,10,12757.0,27622.69965624064,366.79998940229416,0.0132789334122678,,0.0132789334122678,0.1885809523809484,0.0108819913065058,27.19016666666668,27.378747619047623,2.5778720238095225,2.549819642857143,0.0386813787888519,,0.0095515844259873
harveststat_africa_v1.2,"Tanzania, United Republic of",HV1:TZ:Rukwa,Rukwa,2002,2015,13,0.3442129849349397,0.4854415984946511,0.1781104682089909,0.3189463998367177,0.0,0.0023987239498379,14,373120.0698691199,366692.6000656411,0.0,0.0,,0.0,0.4803869047619116,0.4545868441198564,20.28214821428572,19.801761309523805,2.68016130952381,3.898527380952381,0.0386813787888519,0.0023612629895282,0.0051811632553149
harveststat_africa_v1.2,"Tanzania, United Republic of",HV1:TZ:Ruvuma,Ruvuma,2002,2015,13,0.3858453320906994,0.7340069004225813,0.1927841504579728,0.266307741263447,0.0,0.0086622172382192,14,663456.0,384763.8998443559,0.0,0.0,,0.0,0.4273172619047614,0.4771968371527819,22.2733011904762,21.845983928571435,3.1956589285714303,4.720617261904764,0.0386813787888519,0.0004630404440005,0.0021834246008904
harveststat_africa_v1.2,"Tanzania, United Republic of",HV1:TZ:Shinyanga,Shinyanga,2002,2015,13,0.2238295433038944,0.4005036339185403,-0.028145014870325,0.3140120167455312,0.0,0.0,14,660350.9077781943,429109.7999467328,10498.300003767014,0.0244653000352595,,0.0244653000352595,0.1897291666666717,0.0109795981750226,23.37546904761905,23.185739880952376,2.5183613095238093,2.5460119047619045,0.0386813787888519,0.00091321075446,0.0004429100170464
harveststat_africa_v1.2,"Tanzania, United Republic of",HV1:TZ:Simiyu,Simiyu,2002,2015,13,0.3090346454553885,0.5144370846301298,0.1685458798753796,0.3140120167455311,0.0,0.0,15,587673.0534968405,625094.5996970981,8963.999967813492,0.0143402294183267,,0.0143402294183267,0.1358291666666673,0.1332995767473835,22.33366071428572,22.469489880952384,2.5121494047619057,2.177280952380952,0.0386813787888519,0.0004182861438112,0.0005219478913722
harveststat_africa_v1.2,"Tanzania, United Republic of",HV1:TZ:Singida,Singida,2002,2015,13,0.3042818238854982,0.5554860412790337,0.0454282807626719,0.2535193251599451,0.0,0.0075585390348327,14,548651.0,613945.1996378824,0.0,0.0,,0.0,0.423598214285704,0.2914418314327291,22.0779125,21.65431428571429,2.3973684523809515,3.096061904761904,0.0386813787888519,0.0,0.000405173889774
harveststat_africa_v1.2,"Tanzania, United Republic of",HV1:TZ:Tabora,Tabora,2002,2015,13,0.2479512787420276,0.2779604390363756,0.0441540894934635,0.3113660080064092,0.0,0.0019892265777589,15,803830.0,2503228.601192683,65345.40000053495,0.0261044476598743,,0.0261044476598743,0.6540815476190402,0.2574714992367224,23.309404166666656,22.655322619047617,2.394516071428572,3.011035714285713,0.0386813787888519,0.0025633244339222,0.0
harveststat_africa_v1.2,"Tanzania, United Republic of",HV1:TZ:Tanga,Tanga,2002,2015,13,0.2266087558863995,0.2680350146320966,0.0531002971696281,0.5598070543661554,0.0,0.0257176953655821,16,749134.0,855910.0002609938,7652.399961948395,0.008940659601611,,0.008940659601611,0.3936976190476258,0.650232910895733,23.323163095238097,22.929465476190472,2.4879226190476182,4.105651785714287,0.0386813787888519,0.0105636187039142,0.0024483373666502
harveststat_africa_v1.2,"Tanzania, United Republic of",HV1:TZ:Zanzibar Central/South,Zanzibar Central/South,2007,2015,8,0.6948871893999156,1.3579753904917462,-0.4818883368493974,0.6871754116057086,0.0,0.8104956268221575,12,686.0,292544.6999160275,13702.79995238781,0.0468400212217862,,0.0468400212217862,0.2976732142857202,0.0109642701587253,27.251301190476187,27.548974404761907,3.419277380952381,3.456767261904761,0.0386813787888519,0.0,0.0126852278318679
harveststat_africa_v1.2,"Tanzania, United Republic of",HV1:TZ:Zanzibar North,Zanzibar North,2007,2015,8,0.581815917243939,1.0515033407572385,-0.146305529294405,0.3427108093676961,0.0,0.234903488578006,13,11294.0,20453.699980013072,165.40000450611117,0.008086556694766,,0.008086556694766,0.2976732142857202,0.0109642701587253,27.251301190476187,27.548974404761907,3.419277380952381,3.456767261904761,0.0386813787888519,,0.0
harveststat_africa_v1.2,Chad,HV1:TD:Barh el Gazel,Barh el Gazel,2002,2017,15,0.1923439006223665,0.1295881305356819,-0.0675706828599542,0.9364650055744828,0.0,0.0,4,64208.96334353606,45111.80006226152,354.8000048995018,0.0078649046238416,,0.0078649046238416,0.6177939153439259,0.8840327731692639,29.53216375661376,28.914369841269835,0.5185555555555554,0.9769756613756614,0.0127057783617939,0.00794810702886,0.0
harveststat_africa_v1.2,Angola,HV1:AO:Kuando Kubango,Kuando Kubango,2002,2016,14,0.5047300967040547,0.8702713806277236,-0.2141133270156704,0.4124254880529396,0.0,0.0,8,259839.0,177073.80011962354,4193.400005444884,0.0236816513940063,,0.0236816513940063,0.1261500911369263,0.1083544582348166,23.95994941900205,24.086099510138983,2.511160780739727,2.7832562466772988,0.0193960973371162,0.0062169744811455,0.0057361228414918
harveststat_africa_v1.2,Angola,HV1:AO:Kuanza Norte,Kuanza Norte,2002,2016,14,0.2757452323829791,0.4734145770807275,-0.1828217284656736,0.4646364823068747,0.0,0.0,7,189362.0,452839.4000319988,11783.599913999438,0.0260215871524579,,0.0260215871524579,1.4519046100098705,0.462229810508202,23.909226019594445,25.361130629604315,2.8557284688995224,1.5357256398572183,0.0193960973371162,0.0026088929736987,0.0059590277258676
harveststat_africa_v1.2,Angola,HV1:AO:Kuanza Sul,Kuanza Sul,2002,2016,14,0.256508748752563,0.3936241776248643,0.1381858841906291,0.3826623526995351,0.0,0.0,9,395194.0,138307.00026275218,3250.90000975132,0.0235049563910383,,0.0235049563910383,1.1680469545074923,0.2845212590708615,21.34461293384977,22.512659888357263,2.3966699324067746,1.7147663856611224,0.0193960973371162,0.0059465347165017,0.0056499087906323
harveststat_africa_v1.2,Burkina Faso,HV1:BF:Hauts-Bassins,Hauts-Bassins,2002,2019,17,0.2279274414990728,0.3901539908206863,-0.0426666407443113,0.2335328568450548,0.0,0.0,12,1648663.5,0.0,0.0,,,,0.8284446924603159,,,,,,,0.0189267721135058,0.0046909574172812
harveststat_africa_v1.2,Sudan,HV1:SD:Gedaref,Gedaref,2002,2019,17,0.1933686085681666,0.2342385509124027,-0.1729599016655205,0.7201033917917016,0.0,0.0,6,6748980.0,2678239.3013018817,103421.09928965569,0.0386153318112325,,0.0386153318112325,1.795066017316019,0.905459158240643,29.47228733766234,27.677221320346323,1.4028843795093793,2.673138888888889,0.1054801191811581,0.1155620180517198,0.0175293925401817
harveststat_africa_v1.2,Sudan,HV1:SD:Gezira,Gezira,2002,2019,17,0.2499125566714841,0.4561417039289268,-0.2421882604913139,0.6254808009770121,0.0,0.0,6,1683130.1688116328,644911.8005291894,405899.70010172576,0.6293879252459954,,0.6293879252459954,1.5583050144300097,0.9270771121550307,30.33063221500721,28.7723272005772,0.6475266955266955,1.2478338744588742,0.1054801191811581,0.3810429667821228,0.083813861934298
harveststat_africa_v1.2,Sudan,HV1:SD:North Kordofan,North Kordofan,2002,2019,17,0.4048842948649568,0.856268221269464,0.1420231570646527,0.3511210189204527,0.0,0.0,5,4900140.0,593978.9994887859,11064.1001162529,0.0186270897216489,,0.0186270897216489,0.7602168109668138,0.9379699533953793,28.663293650793666,27.90307683982685,0.3202696608946608,0.6206729797979796,0.1054801191811581,0.0595948764088713,0.415097369783663
harveststat_africa_v1.2,Sudan,HV1:SD:Sinnar,Sinnar,2002,2019,17,0.1056893485411659,0.1446036815364927,-0.0569310534856219,0.5195858619528085,0.0,0.0,6,3162600.0,323690.2000944093,25561.100085891783,0.0789677910497027,,0.0789677910497027,1.8709235209235289,2.676513984694621,29.681548160173165,27.810624639249635,0.8360575396825396,3.073777236652235,0.1054801191811581,0.3821328063945462,0.0629221896751588
harveststat_africa_v1.2,Sudan,HV1:SD:South Kordofan,South Kordofan,2002,2019,17,0.1851138910062189,0.3913198940278736,-0.0907307092561031,0.4737611586570112,0.0,0.0,6,2278500.0,419353.800693661,2920.0999994277954,0.006963332619372,,0.006963332619372,1.5543645382395332,0.6837733153063055,27.16725667388167,25.61289213564213,1.7885068542568543,3.011440115440115,0.1054801191811581,0.0594014100128107,0.3770562400091058
harveststat_africa_v1.2,Sudan,HV1:SD:West Kordofan,West Kordofan,2002,2019,17,0.2522928854682013,0.5353579904546124,-0.0578940017042076,0.3362374301684079,0.0,0.0,4,4339815.974859141,1254840.099855125,423.9999952316284,0.0003378916527138,,0.0003378916527138,2.1324884559884576,1.966254146632782,29.10487445887446,26.972386002886,0.8275721500721498,2.454789321789321,0.1054801191811581,0.0445556827793347,0.057264031439025
harveststat_africa_v1.2,Benin,HV1:BJ:Atacora,Atacora,2002,2019,17,0.4659684677093196,0.7813923969880113,0.0659027777075666,0.1301385747152835,0.0,0.0,15,705794.6990290994,289680.7999088615,5309.600087910891,0.0183291405215029,,0.0183291405215029,0.8968954248366103,0.3852405089712534,26.28454411764707,25.38764869281046,3.1939346405228743,4.424367647058824,0.0015770118485654,0.0057364301133082,0.0426049210629517
harveststat_africa_v1.2,Benin,HV1:BJ:Couffo,Couffo,2002,2019,17,0.2038200132118161,0.386902161769274,0.1629006641124705,0.2865703242337308,0.0,8.234224072820714e-05,13,309967.73070879886,100059.20031558722,586.8000030517578,0.0058645282113087,,0.0058645282113087,0.14202124183006,0.0770852325330004,26.26312254901961,26.40514379084967,3.4539689542483654,3.720218954248365,0.0015770118485654,0.0005133872213416,0.0046607759245189
harveststat_africa_v1.2,Ethiopia,HV1:ET:Benishangul Gumuz,Benishangul Gumuz,2001,2019,18,0.4202429279873844,0.7398014382766891,-0.0519998084808457,0.2155973597617453,0.0,0.0,16,303738.63594278286,0.0,0.0,,,,1.2348269085411896,2.138419569685737,21.528572940287223,20.293746031746032,2.8462736205593338,8.932800831443691,0.0499385541837795,0.0041250908112363,0.000371601846684
harveststat_africa_v1.2,Ethiopia,HV1:ET:SNNPR,SNNPR,2001,2019,18,0.2765331541971376,0.3681823906573964,-0.0455504655132738,0.1770615294544699,0.0,0.0,17,1459502.9663467829,0.0,0.0,,,,0.7630527210884457,0.8092950076745251,21.963180083144376,21.20012736205593,2.344535903250188,4.241957105064249,0.0499385541837795,0.0130277248829128,0.0034249308607089
harveststat_africa_v1.2,Ethiopia,HV1:ET:Sidama,Sidama,2001,2019,18,0.6122272336548197,1.1511551750096083,-0.0979994095875706,0.3269441246634428,0.0,0.0,14,142355.31,0.0,0.0,,,,0.2712171201814071,1.292123606873843,15.25092365835223,14.979706538170822,2.1433250188964474,4.912765873015873,0.0499385541837795,0.0294418509489465,0.0119820243281762
harveststat_africa_v1.2,Mozambique,HV1:MZ:Niassa,Niassa,2002,2019,17,0.2908492066543911,0.4869331760880858,0.0432982076003671,0.2984387991234506,0.0,0.0,13,602891.4035831899,421803.4999398887,675.2999878078699,0.0016009824193116,,0.0016009824193116,0.0141019982433056,0.3207205006883771,22.40528820816865,22.391186209925344,4.594289635485289,6.067772507685552,0.0127850468609161,0.0015364115299368,0.0475520646339071
harveststat_africa_v1.2,Mali,HV1:ML:Tombouctou,Tombouctou,2002,2019,17,0.2735759467445229,0.5945517960599624,-0.1098343762522437,0.4553785807837112,0.0,0.0,7,418990.0,148807.50045272708,59539.399614572525,0.4001102056914591,,0.4001102056914591,0.6046986215538936,0.7059873197989608,29.11288492063493,28.508186299081032,0.8645952380952381,1.4749885129490394,0.0692227305346456,0.2867945678833904,0.0014164009538783
harveststat_africa_v1.2,Niger,HV1:NE:Tillaberi,Tillaberi,2002,2017,15,0.1368274647877648,0.2738911702899566,-0.102862871544971,0.4664512960153029,0.0041829502649289,0.0041829502649289,15,6070834.791632787,2518258.1997100413,836.2000053748488,0.0003320549121893,,0.0003320549121893,0.0069523809523843,0.0313042370914435,29.007473015873018,29.00052063492064,1.5456095238095242,1.5939936507936507,0.0093015368710124,0.0007598486815279,0.2752676364953696
harveststat_africa_v1.2,Malawi,HV1:MW:Central,Central,2002,2019,17,0.22332024940807,0.3719065487737931,-0.1682144498467152,0.4770858442020813,7.259775953486818e-06,7.259775953486818e-06,14,3030396.549556541,2048127.4004680887,9878.300003103912,0.0048230886422623,,0.0048230886422623,0.2315160493827155,0.1996209892108698,20.701401234567893,20.93291728395061,4.5723314814814815,5.485064814814817,0.0353561264057534,0.0018309300437334,0.0007862625924358
harveststat_africa_v1.2,Malawi,HV1:MW:Northern,Northern,2002,2019,17,0.4616081811078725,1.0358127604895426,0.4026093328882357,0.2783658973747628,0.3123851722887513,0.3123851722887513,14,1242056.3919767442,735528.2005662099,9040.199881322682,0.012290759041412,,0.012290759041412,0.23467037037038,0.6708572007750344,20.14860617283951,19.913935802469133,3.9708345679012345,6.6346975308642,0.0353561264057534,0.0141335334054684,0.00177099401189
harveststat_africa_v1.2,Malawi,HV1:MW:Southern,Southern,2002,2019,17,0.2075356651470926,0.3805058424613124,-0.159027939029382,0.4224436875210644,0.0,0.0,14,3168326.533776832,967807.3004819974,16339.500008672476,0.0168830096658032,,0.0168830096658032,0.3316999999999893,0.5314290670530832,23.28391358024691,22.95221358024692,4.127833333333333,6.321483950617286,0.0353561264057534,0.0227922212931602,0.0136819605086568
